date,transaction_type,description,amount,balance,category
2024-01-01,ATM WITHDRAWAL,TELKOM *3490,-1354.12,2711028.11,utilities
2024-01-01,ATM WITHDRAWAL,CITY OF CAPE TOWN ONLINE 00822,-1722.03,2961845.96,utilities
2024-01-01,ATM WITHDRAWAL,NANDOS STORE 39959,-1240.74,3455378.08,restaurants
2024-01-01,POS,BANK INTEREST,21522.03,437484.77,income
2024-01-01,POS,STEAM *7211287,-464.33,2712472.75,entertainment
2024-01-02,ONLINE PAYMENT,NETFLIX *4630038,-1888.01,2252540.32,entertainment
2024-01-02,ATM WITHDRAWAL,MTN ONLINE 58897020,-439.45,3118059.33,utilities
2024-01-02,POS,VODACOM 239989 ZA,-1923.8,1964062.06,utilities
2024-01-02,EFT,DSTV 9206 ZA,-1315.61,3378289.39,entertainment
2024-01-02,POS,BP 78186 ZA,-364.98,1652445.32,transport
2024-01-02,DEBIT ORDER,SPOTIFY *0935952,-1779.38,2469767.52,entertainment
2024-01-03,CARD PURCHASE,BOLT 73174 ZA,-824.82,3355615.01,transport
2024-01-04,ATM WITHDRAWAL,FREELANCE CLIENT,8061.23,1848915.61,income
2024-01-04,EFT,SPAR STORE 63381464,-1892.38,3120858.26,groceries
2024-01-04,DEBIT ORDER,STEAM *10610,-1254.85,712286.52,entertainment
2024-01-04,ONLINE PAYMENT,SPAR STORE 72169793,-740.4,1729913.66,groceries
2024-01-04,CARD PURCHASE,SALARY ACME LTD,19932.29,2391307.88,income
2024-01-04,DEBIT ORDER,CITY OF CAPE TOWN 6703335 ZA,-380.35,1825947.17,utilities
2024-01-05,ONLINE PAYMENT,NANDOS 068715 ZA,-417.33,211544.39,restaurants
2024-01-05,EFT,MCDONALDS *31860527,-944.54,3432566.46,restaurants
2024-01-05,DEBIT ORDER,NANDOS CPT 5436670,-1843.71,3033955.11,restaurants
2024-01-05,ONLINE PAYMENT,CITY OF CAPE TOWN CPT 4390869,-526.42,3419360.17,utilities
2024-01-06,ONLINE PAYMENT,DSTV *3770,-435.17,257946.0,entertainment
2024-01-06,CARD PURCHASE,NANDOS 5041616 ZA,-769.24,2345426.68,restaurants
2024-01-06,DEBIT ORDER,BP *31627,-286.59,1748004.51,transport
2024-01-06,EFT,SPAR STORE 07967,-553.72,1956064.53,groceries
2024-01-06,DEBIT ORDER,SPAR *704005,-124.94,3364214.34,groceries
2024-01-07,CARD PURCHASE,BANK INTEREST,9360.82,3510015.08,income
2024-01-07,DEBIT ORDER,STEERS ONLINE 29041666,-1005.3,416742.5,restaurants
2024-01-07,CARD PURCHASE,MTN CPT 3196325,-677.47,2355021.88,utilities
2024-01-07,ATM WITHDRAWAL,UBER CPT 08919179,-1466.13,601082.44,transport
2024-01-08,EFT,GAME STORE 4348692,-1529.17,1925747.63,shopping
2024-01-08,ATM WITHDRAWAL,TELKOM STORE 3763678,-1348.81,2251191.51,utilities
2024-01-08,EFT,AMAZON ONLINE 6416,-687.48,104190.42,shopping
2024-01-08,CARD PURCHASE,BANK INTEREST,29922.1,1310354.28,income
2024-01-08,CARD PURCHASE,VODACOM ONLINE 2269168,-190.47,820262.12,utilities
2024-01-09,EFT,STEAM CPT 775126,-1914.1,2015902.56,entertainment
2024-01-09,ATM WITHDRAWAL,MTN *2945,-1228.55,2806377.49,utilities
2024-01-09,EFT,PICK N PAY *9762,-733.21,597394.61,groceries
2024-01-09,DEBIT ORDER,AMAZON ONLINE 303461,-1121.17,3367565.0,shopping
2024-01-09,DEBIT ORDER,SPAR CPT 40357892,-1786.22,2715437.52,groceries
2024-01-09,ATM WITHDRAWAL,BP 8518931 ZA,-1847.09,3422920.47,transport
2024-01-10,EFT,SHELL ONLINE 23217,-189.39,2322634.86,transport
2024-01-10,DEBIT ORDER,KFC 20359744 ZA,-681.81,1677266.4,restaurants
2024-01-10,ONLINE PAYMENT,SALARY ACME LTD,26685.26,408616.78,income
2024-01-10,DEBIT ORDER,TELKOM CPT 079973,-781.63,763250.39,utilities
2024-01-10,ATM WITHDRAWAL,WOOLWORTHS 5805 ZA,-1047.61,1233783.83,groceries
2024-01-10,ATM WITHDRAWAL,VODACOM 2405 ZA,-1716.52,359790.71,utilities
2024-01-10,ONLINE PAYMENT,STEERS ONLINE 819839,-661.93,1584708.54,restaurants
2024-01-11,CARD PURCHASE,STEERS ONLINE 42532110,-1157.38,2316557.38,restaurants
2024-01-11,DEBIT ORDER,PICK N PAY *182484,-1600.45,3449126.99,groceries
2024-01-11,EFT,KFC STORE 36425,-1004.31,1640428.19,restaurants
2024-01-11,CARD PURCHASE,SALARY ACME LTD,5658.85,712283.5,income
2024-01-11,DEBIT ORDER,TELKOM CPT 9875524,-1178.75,499210.21,utilities
2024-01-13,CARD PURCHASE,CHECKERS 6611435 ZA,-898.53,1975276.49,groceries
2024-01-13,ATM WITHDRAWAL,BP CPT 71918,-1039.55,3347272.09,transport
2024-01-13,ONLINE PAYMENT,DSTV CPT 9102,-563.12,3130617.86,entertainment
2024-01-13,EFT,VODACOM *24330,-408.87,3014658.33,utilities
2024-01-13,ONLINE PAYMENT,CITY OF CAPE TOWN ONLINE 197136,-1725.02,1986974.89,utilities
2024-01-13,EFT,TAKEALOT STORE 93008,-564.56,9435.44,shopping
2024-01-13,ATM WITHDRAWAL,NETFLIX ONLINE 7617162,-453.01,852106.54,entertainment
2024-01-13,POS,TELKOM *4132409,-190.74,3456250.94,utilities
2024-01-13,EFT,STEERS *2941485,-1913.85,2673602.9,restaurants
2024-01-14,POS,MTN *2659509,-445.29,1717189.84,utilities
2024-01-14,DEBIT ORDER,UBER ONLINE 5278,-1083.92,3442681.2,transport
2024-01-14,EFT,BANK INTEREST,26895.68,200930.26,income
2024-01-14,POS,SHELL CPT 12360,-1762.74,748714.86,transport
2024-01-14,POS,MAKRO *5535527,-1564.31,2507214.58,shopping
2024-01-14,ATM WITHDRAWAL,KFC CPT 50384,-777.33,3019831.4,restaurants
2024-01-14,POS,TAKEALOT *08245300,-1631.8,1947856.01,shopping
2024-01-14,DEBIT ORDER,GAME STORE 063877,-464.45,795296.01,shopping
2024-01-15,CARD PURCHASE,SHELL 42208 ZA,-662.26,50185.98,transport
2024-01-15,EFT,SHELL ONLINE 595496,-1429.34,3450524.94,transport
2024-01-15,EFT,BP *44446959,-818.91,1914728.9,transport
2024-01-15,POS,CHECKERS 759340 ZA,-1854.3,2014048.26,groceries
2024-01-15,ONLINE PAYMENT,NANDOS *296281,-1055.56,2762395.11,restaurants
2024-01-15,ONLINE PAYMENT,WOOLWORTHS *56872039,-704.74,3327635.82,groceries
2024-01-15,CARD PURCHASE,GAME ONLINE 9966,-1756.54,43423.69,shopping
2024-01-15,POS,UBER 04331489 ZA,-996.1,2933718.49,transport
2024-01-15,ONLINE PAYMENT,FREELANCE CLIENT,20439.36,2907261.23,income
2024-01-15,POS,SPAR *972248,-1859.43,595535.18,groceries
2024-01-16,ONLINE PAYMENT,SHELL CPT 2083,-1967.57,419015.08,transport
2024-01-16,DEBIT ORDER,CHECKERS ONLINE 9851663,-424.07,804672.06,groceries
2024-01-16,ONLINE PAYMENT,KFC *09280,-1145.51,2701671.65,restaurants
2024-01-17,EFT,SALARY ACME LTD,13751.78,2776146.89,income
2024-01-17,ONLINE PAYMENT,MCDONALDS *135714,-752.35,3434532.87,restaurants
2024-01-17,EFT,MCDONALDS *87733522,-1440.9,1612642.95,restaurants
2024-01-17,ONLINE PAYMENT,UBER CPT 6973221,-1744.86,1984229.33,transport
2024-01-17,POS,FREELANCE CLIENT,21116.01,3463034.71,income
2024-01-17,EFT,STEERS STORE 528630,-605.59,2810350.06,restaurants
2024-01-17,EFT,TAKEALOT STORE 63112,-1349.91,2835114.21,shopping
2024-01-17,CARD PURCHASE,AMAZON ONLINE 72600237,-43.67,1754597.08,shopping
2024-01-18,ONLINE PAYMENT,TELKOM CPT 11564,-883.86,835002.22,utilities
2024-01-18,DEBIT ORDER,WOOLWORTHS STORE 10758,-640.29,580886.67,groceries
2024-01-18,POS,BANK INTEREST,28569.63,2047820.16,income
2024-01-18,POS,FREELANCE CLIENT,23456.06,2099835.57,income
2024-01-18,CARD PURCHASE,WOOLWORTHS CPT 58467,-446.9,2826690.29,groceries
2024-01-19,ONLINE PAYMENT,NETFLIX 83113884 ZA,-371.1,1060009.69,entertainment
2024-01-19,POS,PICK N PAY CPT 8479,-1417.66,1360322.77,groceries
2024-01-19,EFT,TELKOM 5526600 ZA,-786.74,2010712.58,utilities
2024-01-20,POS,STEAM 9759657 ZA,-1226.52,757331.43,entertainment
2024-01-20,EFT,WOOLWORTHS CPT 2758083,-1127.9,3132890.55,groceries
2024-01-20,CARD PURCHASE,FREELANCE CLIENT,13658.77,3424342.09,income
2024-01-21,ATM WITHDRAWAL,WOOLWORTHS *10270,-1746.59,2995284.63,groceries
2024-01-21,CARD PURCHASE,MCDONALDS STORE 8056,-929.08,2633665.37,restaurants
2024-01-21,EFT,CITY OF CAPE TOWN 7476 ZA,-156.99,2702817.16,utilities
2024-01-22,POS,SPAR ONLINE 79459,-1098.55,2957635.37,groceries
2024-01-22,DEBIT ORDER,PICK N PAY STORE 2131581,-1908.56,2263556.21,groceries
2024-01-22,POS,SPOTIFY CPT 28439051,-1016.61,1138484.44,entertainment
2024-01-22,EFT,BOLT CPT 17401,-718.73,807840.24,transport
2024-01-22,ATM WITHDRAWAL,FREELANCE CLIENT,22536.73,1922380.04,income
2024-01-22,EFT,VODACOM ONLINE 6128,-1480.53,3334135.66,utilities
2024-01-22,CARD PURCHASE,NANDOS CPT 828215,-1629.03,563646.2,restaurants
2024-01-22,DEBIT ORDER,AMAZON *660631,-766.43,1212770.45,shopping
2024-01-22,DEBIT ORDER,MTN CPT 135217,-1789.3,2763450.67,utilities
2024-01-22,DEBIT ORDER,SHELL CPT 0476354,-1718.68,2483146.89,transport
2024-01-22,DEBIT ORDER,SALARY ACME LTD,9184.83,2594384.13,income
2024-01-23,ONLINE PAYMENT,SPOTIFY ONLINE 6637086,-1360.25,1625801.92,entertainment
2024-01-23,DEBIT ORDER,MAKRO CPT 38483,-741.31,38549.84,shopping
2024-01-23,POS,BANK INTEREST,16248.06,1997453.11,income
2024-01-23,POS,BP *90694172,-944.82,908641.86,transport
2024-01-23,DEBIT ORDER,GAME CPT 632700,-1351.87,2620714.78,shopping
2024-01-24,DEBIT ORDER,DSTV 197230 ZA,-295.12,2962467.64,entertainment
2024-01-24,POS,AMAZON ONLINE 3308613,-491.83,1490843.87,shopping
2024-01-24,ONLINE PAYMENT,STEERS 8982486 ZA,-1295.27,3305169.57,restaurants
2024-01-24,CARD PURCHASE,BP STORE 16604096,-962.39,1405901.66,transport
2024-01-24,POS,GAME CPT 98955698,-211.4,1919300.95,shopping
2024-01-24,CARD PURCHASE,SPAR ONLINE 578969,-709.0,2832273.68,groceries
2024-01-25,ONLINE PAYMENT,SALARY ACME LTD,14100.87,834362.99,income
2024-01-25,POS,UBER *19443,-386.13,3073001.79,transport
2024-01-25,POS,MTN CPT 8120,-668.47,3150285.42,utilities
2024-01-26,CARD PURCHASE,CHECKERS 26326 ZA,-1049.21,2847815.38,groceries
2024-01-27,ONLINE PAYMENT,STEAM ONLINE 5239,-1083.48,3364529.1,entertainment
2024-01-27,ATM WITHDRAWAL,KFC 79870123 ZA,-971.29,84166.59,restaurants
2024-01-27,DEBIT ORDER,BP ONLINE 75914651,-1460.93,1361740.43,transport
2024-01-28,ONLINE PAYMENT,MCDONALDS 247045 ZA,-1688.72,3338795.44,restaurants
2024-01-28,EFT,SPOTIFY *28001408,-1910.76,1915547.81,entertainment
2024-01-28,ATM WITHDRAWAL,SHELL 621973 ZA,-1983.54,3575906.55,transport
2024-01-28,ONLINE PAYMENT,SHELL *9944014,-481.06,3418685.69,transport
2024-01-28,EFT,UBER STORE 309073,-1016.77,1591598.75,transport
2024-01-29,POS,TELKOM 08603520 ZA,-1283.15,3442320.4,utilities
2024-01-29,POS,TAKEALOT *04028,-212.06,3422075.13,shopping
2024-01-29,EFT,VODACOM CPT 41201603,-723.94,2961122.02,utilities
2024-01-29,CARD PURCHASE,AMAZON 7862 ZA,-724.06,647808.15,shopping
2024-01-29,ATM WITHDRAWAL,KFC STORE 38543,-1156.38,3075139.67,restaurants
2024-01-29,EFT,PICK N PAY STORE 10942,-1488.37,3334039.75,groceries
2024-01-29,EFT,SPOTIFY ONLINE 97700,-1792.75,1961324.51,entertainment
2024-01-30,ONLINE PAYMENT,AMAZON ONLINE 934950,-950.38,2353240.97,shopping
2024-01-30,EFT,AMAZON CPT 78209000,-1398.23,1548458.74,shopping
2024-01-31,ONLINE PAYMENT,SALARY ACME LTD,23311.72,2765239.97,income
2024-01-31,EFT,BP CPT 2032618,-772.09,2932946.4,transport
2024-01-31,ATM WITHDRAWAL,CHECKERS STORE 90951787,-794.4,2007771.66,groceries
2024-01-31,ONLINE PAYMENT,BOLT CPT 0995,-195.59,1139501.05,transport
2024-01-31,ONLINE PAYMENT,SALARY ACME LTD,26364.36,764032.02,income
2024-01-31,EFT,WOOLWORTHS 45517587 ZA,-1473.79,2079986.91,groceries
2024-01-31,ATM WITHDRAWAL,GAME ONLINE 8755,-230.8,1983998.53,shopping
2024-01-31,ATM WITHDRAWAL,VODACOM CPT 298025,-1923.02,506608.71,utilities
2024-01-31,POS,TAKEALOT 405882 ZA,-971.03,3129646.83,shopping
2024-01-31,CARD PURCHASE,BP STORE 45051,-996.44,1815880.57,transport
2024-01-31,ONLINE PAYMENT,FREELANCE CLIENT,26676.19,177131.17,income
2024-02-01,DEBIT ORDER,SALARY ACME LTD,12902.11,2008957.97,income
2024-02-01,POS,SPAR STORE 390276,-1869.81,3432880.78,groceries
2024-02-02,EFT,NETFLIX *4170,-1024.21,1544119.36,entertainment
2024-02-02,CARD PURCHASE,FREELANCE CLIENT,18137.86,3263533.28,income
2024-02-02,CARD PURCHASE,SHELL 487626 ZA,-562.31,434701.49,transport
2024-02-02,ONLINE PAYMENT,VODACOM ONLINE 35612,-59.7,2727119.43,utilities
2024-02-02,ATM WITHDRAWAL,BANK INTEREST,7046.72,1842151.62,income
2024-02-03,DEBIT ORDER,NETFLIX 67141 ZA,-451.5,1524907.54,entertainment
2024-02-03,CARD PURCHASE,MAKRO CPT 9419,-1631.25,2388482.73,shopping
2024-02-03,CARD PURCHASE,STEAM STORE 866105,-132.06,1212350.1,entertainment
2024-02-03,ATM WITHDRAWAL,KFC STORE 0019255,-1043.3,1263691.92,restaurants
2024-02-03,POS,UBER STORE 872842,-1720.5,869590.71,transport
2024-02-03,ATM WITHDRAWAL,FREELANCE CLIENT,28335.06,3400869.04,income
2024-02-03,ATM WITHDRAWAL,MCDONALDS ONLINE 78435,-1699.49,2505515.09,restaurants
2024-02-04,CARD PURCHASE,STEAM 7888 ZA,-788.44,255149.07,entertainment
2024-02-04,ATM WITHDRAWAL,GAME ONLINE 92931,-1996.31,3433677.33,shopping
2024-02-04,DEBIT ORDER,TAKEALOT ONLINE 9814,-1362.65,465775.71,shopping
2024-02-04,POS,NANDOS ONLINE 774583,-1086.16,3369205.09,restaurants
2024-02-04,CARD PURCHASE,SHELL CPT 92760,-324.85,1308093.49,transport
2024-02-04,ATM WITHDRAWAL,MCDONALDS *1553190,-1264.7,3435285.22,restaurants
2024-02-04,DEBIT ORDER,VODACOM CPT 7610,-74.34,3188155.14,utilities
2024-02-05,ATM WITHDRAWAL,BANK INTEREST,19454.23,3595360.78,income
2024-02-05,CARD PURCHASE,SALARY ACME LTD,23430.72,1143667.84,income
2024-02-05,ONLINE PAYMENT,NANDOS 379311 ZA,-197.35,1246947.19,restaurants
2024-02-05,ATM WITHDRAWAL,DSTV *6963534,-1546.12,2886821.87,entertainment
2024-02-05,EFT,STEAM ONLINE 97499,-754.53,1538585.08,entertainment
2024-02-05,POS,KFC 821846 ZA,-1287.07,3365970.63,restaurants
2024-02-05,ATM WITHDRAWAL,GAME STORE 3027,-1373.9,2568985.82,shopping
2024-02-06,DEBIT ORDER,SPOTIFY ONLINE 083027,-1287.89,2098547.68,entertainment
2024-02-06,DEBIT ORDER,WOOLWORTHS 80584 ZA,-997.38,1531254.88,groceries
2024-02-06,DEBIT ORDER,CHECKERS STORE 536725,-1274.68,2800251.13,groceries
2024-02-06,ATM WITHDRAWAL,TAKEALOT STORE 95453899,-1736.42,1161351.13,shopping
2024-02-06,DEBIT ORDER,BOLT *7688882,-1495.48,1197891.71,transport
2024-02-06,DEBIT ORDER,MAKRO 8621 ZA,-1408.01,3378661.95,shopping
2024-02-06,DEBIT ORDER,STEERS CPT 5741038,-1726.29,41947.46,restaurants
2024-02-07,DEBIT ORDER,VODACOM STORE 8277235,-1178.48,449724.85,utilities
2024-02-07,CARD PURCHASE,MAKRO STORE 0800785,-657.78,45202.12,shopping
2024-02-07,ONLINE PAYMENT,CITY OF CAPE TOWN ONLINE 6798,-1475.03,3419903.27,utilities
2024-02-08,ATM WITHDRAWAL,MAKRO 85456 ZA,-1149.91,3118802.27,shopping
2024-02-08,ONLINE PAYMENT,TELKOM ONLINE 1650459,-929.88,3372332.12,utilities
2024-02-08,ONLINE PAYMENT,TELKOM 17327940 ZA,-1488.22,1644808.21,utilities
2024-02-09,ONLINE PAYMENT,FREELANCE CLIENT,22453.24,3125648.24,income
2024-02-09,EFT,TELKOM STORE 45867821,-1055.01,1945465.7,utilities
2024-02-09,POS,TAKEALOT *257095,-1917.24,1288187.27,shopping
2024-02-09,ATM WITHDRAWAL,BOLT CPT 8744218,-1294.08,299144.63,transport
2024-02-09,DEBIT ORDER,SALARY ACME LTD,26057.95,1670866.16,income
2024-02-09,ONLINE PAYMENT,MTN STORE 8308137,-1764.56,2935761.38,utilities
2024-02-09,ATM WITHDRAWAL,KFC STORE 2997,-1308.04,3027813.97,restaurants
2024-02-09,POS,VODACOM 8837 ZA,-185.22,2845561.01,utilities
2024-02-09,ONLINE PAYMENT,BP 81247939 ZA,-1360.11,509886.77,transport
2024-02-10,POS,TAKEALOT CPT 87861690,-117.55,2957517.82,shopping
2024-02-10,ATM WITHDRAWAL,PICK N PAY CPT 6547,-1019.08,2638569.46,groceries
2024-02-10,EFT,VODACOM 326119 ZA,-133.68,3133582.14,utilities
2024-02-10,ONLINE PAYMENT,TELKOM 8291 ZA,-75.99,2971098.75,utilities
2024-02-10,ONLINE PAYMENT,NANDOS 80471553 ZA,-235.38,2838350.48,restaurants
2024-02-10,DEBIT ORDER,NANDOS 876457 ZA,-1406.94,2967825.85,restaurants
2024-02-10,EFT,WOOLWORTHS 4553619 ZA,-1912.44,301637.87,groceries
2024-02-10,DEBIT ORDER,BOLT STORE 87650,-1387.82,437513.14,transport
2024-02-10,DEBIT ORDER,AMAZON 3913 ZA,-1506.42,1466681.33,shopping
2024-02-11,POS,FREELANCE CLIENT,8530.78,2849428.63,income
2024-02-11,CARD PURCHASE,SALARY ACME LTD,28713.67,75123.23,income
2024-02-11,DEBIT ORDER,FREELANCE CLIENT,7511.68,2801162.87,income
2024-02-11,EFT,BANK INTEREST,29879.91,1388713.74,income
2024-02-11,POS,CHECKERS CPT 5558697,-1289.65,2021820.11,groceries
2024-02-11,CARD PURCHASE,MCDONALDS ONLINE 79667,-1619.02,1262072.9,restaurants
2024-02-11,EFT,NETFLIX CPT 8440891,-1140.18,2755156.95,entertainment
2024-02-12,EFT,NETFLIX CPT 03312364,-1088.91,3591845.41,entertainment
2024-02-12,DEBIT ORDER,BOLT STORE 8191,-1296.68,1968863.24,transport
2024-02-12,ATM WITHDRAWAL,STEERS ONLINE 1672,-1591.3,3366670.74,restaurants
2024-02-12,ONLINE PAYMENT,STEERS ONLINE 87068696,-842.81,3360840.41,restaurants
2024-02-12,CARD PURCHASE,BOLT STORE 978775,-900.98,3372387.13,transport
2024-02-12,ATM WITHDRAWAL,UBER ONLINE 8289481,-1701.91,443306.56,transport
2024-02-12,ONLINE PAYMENT,TAKEALOT 151652 ZA,-346.55,960543.89,shopping
2024-02-13,ONLINE PAYMENT,SPOTIFY CPT 5433,-1796.25,2805974.24,entertainment
2024-02-13,ONLINE PAYMENT,BANK INTEREST,10857.67,3080684.3,income
2024-02-13,POS,BANK INTEREST,8480.75,684815.6,income
2024-02-13,ATM WITHDRAWAL,BOLT STORE 67495546,-1728.32,1960506.73,transport
2024-02-13,CARD PURCHASE,MCDONALDS ONLINE 19223,-66.21,3128881.75,restaurants
2024-02-14,CARD PURCHASE,BANK INTEREST,8855.78,2835546.07,income
2024-02-14,ONLINE PAYMENT,NANDOS CPT 610475,-1444.76,2679052.64,restaurants
2024-02-14,POS,TELKOM CPT 59028,-997.27,1818594.39,utilities
2024-02-14,EFT,NANDOS *6419183,-948.68,3131180.98,restaurants
2024-02-14,ATM WITHDRAWAL,GAME *590896,-794.07,3018778.41,shopping
2024-02-14,DEBIT ORDER,CITY OF CAPE TOWN 674228 ZA,-796.0,416786.0,utilities
2024-02-14,POS,SPOTIFY *3812043,-839.26,1960075.12,entertainment
2024-02-14,POS,SPOTIFY CPT 77001,-1443.6,1919512.35,entertainment
2024-02-15,EFT,BP 47614 ZA,-1615.79,174034.58,transport
2024-02-15,ATM WITHDRAWAL,BANK INTEREST,11633.98,1473120.47,income
2024-02-15,POS,MAKRO 04160 ZA,-1666.77,2971174.74,shopping
2024-02-15,POS,NANDOS CPT 5740311,-1510.22,1210062.39,restaurants
2024-02-16,EFT,NANDOS ONLINE 43086128,-1342.61,1094977.01,restaurants
2024-02-16,DEBIT ORDER,SHELL ONLINE 22409546,-268.9,2687748.02,transport
2024-02-17,EFT,TELKOM STORE 4615,-1472.53,3115127.38,utilities
2024-02-17,POS,STEAM *0922732,-1765.92,3425464.4,entertainment
2024-02-17,DEBIT ORDER,KFC CPT 2284608,-731.73,2348655.09,restaurants
2024-02-17,EFT,WOOLWORTHS 1578 ZA,-1428.99,599653.45,groceries
2024-02-17,DEBIT ORDER,VODACOM ONLINE 9142554,-1130.79,3344199.75,utilities
2024-02-18,ATM WITHDRAWAL,NETFLIX CPT 1287,-217.76,1583620.94,entertainment
2024-02-18,ATM WITHDRAWAL,BP *46336,-1338.7,362915.86,transport
2024-02-18,ONLINE PAYMENT,FREELANCE CLIENT,28430.28,2511577.17,income
2024-02-18,ATM WITHDRAWAL,VODACOM CPT 5750765,-991.73,2686756.29,utilities
2024-02-19,ATM WITHDRAWAL,GAME CPT 867684,-1865.55,2841651.81,shopping
2024-02-19,POS,CITY OF CAPE TOWN ONLINE 2685,-221.68,3453906.86,utilities
2024-02-19,POS,BOLT ONLINE 4246,-1350.03,3161879.7,transport
2024-02-19,DEBIT ORDER,GAME ONLINE 870874,-1864.85,3376424.54,shopping
2024-02-19,CARD PURCHASE,VODACOM CPT 07682888,-1078.31,3223678.73,utilities
2024-02-20,EFT,WOOLWORTHS *41151016,-1343.75,3306464.84,groceries
2024-02-20,ATM WITHDRAWAL,SPOTIFY STORE 74762180,-822.79,3354792.22,entertainment
2024-02-20,POS,FREELANCE CLIENT,13386.66,3047341.77,income
2024-02-20,ATM WITHDRAWAL,BP *45805860,-1618.32,2636951.14,transport
2024-02-20,EFT,MTN CPT 393115,-439.74,2992445.92,utilities
2024-02-20,ONLINE PAYMENT,TELKOM STORE 0197536,-1841.98,714359.2,utilities
2024-02-20,EFT,DSTV ONLINE 1980571,-189.28,2594194.85,entertainment
2024-02-20,POS,BANK INTEREST,24830.84,1091443.79,income
2024-02-20,ONLINE PAYMENT,KFC STORE 354903,-145.73,647662.42,restaurants
2024-02-21,POS,GAME 32743817 ZA,-332.23,1185216.22,shopping
2024-02-21,POS,KFC CPT 24470,-1253.85,3450779.09,restaurants
2024-02-21,POS,BP ONLINE 065369,-1871.93,3125072.72,transport
2024-02-21,EFT,STEAM CPT 8793159,-199.06,795760.46,entertainment
2024-02-21,POS,SALARY ACME LTD,7113.41,1216220.11,income
2024-02-21,CARD PURCHASE,UBER 5455 ZA,-301.63,1556101.23,transport
2024-02-21,DEBIT ORDER,WOOLWORTHS 32896010 ZA,-1562.24,1123145.45,groceries
2024-02-21,EFT,BOLT STORE 018915,-554.5,310580.6,transport
2024-02-22,POS,DSTV 83327 ZA,-1408.41,1314219.7,entertainment
2024-02-22,EFT,FREELANCE CLIENT,27248.92,1876164.53,income
2024-02-22,DEBIT ORDER,NANDOS *3217689,-1291.54,1209106.7,restaurants
2024-02-22,ONLINE PAYMENT,MAKRO STORE 39944317,-95.52,1922284.52,shopping
2024-02-23,ATM WITHDRAWAL,SPOTIFY 2732018 ZA,-706.29,1129200.64,entertainment
2024-02-23,EFT,NETFLIX 6929 ZA,-872.92,2548156.8,entertainment
2024-02-23,ONLINE PAYMENT,FREELANCE CLIENT,5256.14,2256009.54,income
2024-02-23,ATM WITHDRAWAL,WOOLWORTHS STORE 23204744,-1998.37,1213795.35,groceries
2024-02-23,ONLINE PAYMENT,TELKOM *39639,-1457.88,2220069.8,utilities
2024-02-23,ATM WITHDRAWAL,CHECKERS CPT 263344,-1101.36,3073387.92,groceries
2024-02-23,ONLINE PAYMENT,SALARY ACME LTD,17020.41,3035798.82,income
2024-02-23,EFT,PICK N PAY CPT 41229,-1007.96,3423191.47,groceries
2024-02-23,CARD PURCHASE,KFC ONLINE 29863,-636.5,1525359.04,restaurants
2024-02-24,DEBIT ORDER,BANK INTEREST,18359.4,500749.0,income
2024-02-24,ATM WITHDRAWAL,BANK INTEREST,8049.46,811021.06,income
2024-02-24,CARD PURCHASE,STEERS 98391961 ZA,-1770.37,3125705.08,restaurants
2024-02-24,DEBIT ORDER,VODACOM ONLINE 469038,-1755.95,1973520.54,utilities
2024-02-24,ATM WITHDRAWAL,MTN ONLINE 82990,-852.16,1530181.82,utilities
2024-02-24,POS,KFC ONLINE 39985015,-550.3,2809294.47,restaurants
2024-02-24,ONLINE PAYMENT,WOOLWORTHS STORE 5058,-1065.49,2122782.79,groceries
2024-02-24,POS,BOLT ONLINE 79709,-385.8,420816.12,transport
2024-02-24,ATM WITHDRAWAL,UBER STORE 9102,-1341.48,1234937.79,transport
2024-02-25,ONLINE PAYMENT,UBER ONLINE 86475425,-1414.52,1099774.44,transport
2024-02-25,DEBIT ORDER,STEERS *1343811,-1319.43,683189.34,restaurants
2024-02-26,DEBIT ORDER,STEAM ONLINE 1227,-204.54,2916635.18,entertainment
2024-02-26,POS,CHECKERS *27834678,-125.87,1141613.02,groceries
2024-02-26,CARD PURCHASE,WOOLWORTHS STORE 33586593,-1900.5,1662142.3,groceries
2024-02-26,EFT,SHELL STORE 8991962,-1413.92,1950381.68,transport
2024-02-26,EFT,NANDOS STORE 45418,-886.31,2255123.23,restaurants
2024-02-26,DEBIT ORDER,BANK INTEREST,24091.36,2940493.26,income
2024-02-26,EFT,SPOTIFY STORE 02653,-617.12,3124455.6,entertainment
2024-02-27,ATM WITHDRAWAL,MCDONALDS CPT 4737,-1322.49,1912717.01,restaurants
2024-02-27,CARD PURCHASE,SPOTIFY STORE 255716,-1622.77,113507.8,entertainment
2024-02-27,CARD PURCHASE,CITY OF CAPE TOWN ONLINE 3761433,-107.01,3382810.97,utilities
2024-02-27,DEBIT ORDER,WOOLWORTHS *05752,-1206.02,1060380.79,groceries
2024-02-27,ONLINE PAYMENT,NANDOS ONLINE 84952683,-1377.85,718140.73,restaurants
2024-02-28,POS,CHECKERS CPT 9548969,-1473.0,1183743.22,groceries
2024-02-28,DEBIT ORDER,GAME *72663,-1926.53,48196.01,shopping
2024-02-28,CARD PURCHASE,PICK N PAY CPT 36395,-1696.67,708190.99,groceries
2024-02-29,CARD PURCHASE,SPAR ONLINE 64671,-360.04,500388.96,groceries
2024-02-29,POS,NETFLIX STORE 391397,-199.69,3074939.98,entertainment
2024-03-01,EFT,PICK N PAY ONLINE 47090,-1230.66,3461450.72,groceries
2024-03-01,ONLINE PAYMENT,KFC ONLINE 10263,-1751.07,1402814.1,restaurants
2024-03-01,ONLINE PAYMENT,SPAR 85619 ZA,-1169.55,1201129.66,groceries
2024-03-02,ATM WITHDRAWAL,NANDOS CPT 29661086,-1617.71,1143304.02,restaurants
2024-03-02,POS,SPOTIFY ONLINE 98714647,-344.69,3421378.3,entertainment
2024-03-02,CARD PURCHASE,MCDONALDS CPT 6698069,-378.13,2636573.01,restaurants
2024-03-02,EFT,MAKRO CPT 96999,-948.17,1054596.28,shopping
2024-03-02,ATM WITHDRAWAL,KFC CPT 61097979,-463.71,497721.38,restaurants
2024-03-02,POS,BOLT 9735 ZA,-1579.14,1914039.5,transport
2024-03-02,POS,PICK N PAY CPT 85761,-1802.75,2076379.51,groceries
2024-03-02,ATM WITHDRAWAL,UBER CPT 27587474,-1526.2,3374516.53,transport
2024-03-03,POS,NETFLIX STORE 0642942,-683.75,3443889.01,entertainment
2024-03-03,CARD PURCHASE,TELKOM 6474 ZA,-681.78,3456441.68,utilities
2024-03-03,ONLINE PAYMENT,MCDONALDS ONLINE 26137793,-1742.96,1525368.67,restaurants
2024-03-03,POS,CITY OF CAPE TOWN *586137,-1624.06,3457572.63,utilities
2024-03-03,POS,MCDONALDS *8121520,-1822.48,3376341.87,restaurants
2024-03-03,CARD PURCHASE,SHELL 79314061 ZA,-821.03,445008.47,transport
2024-03-03,DEBIT ORDER,BANK INTEREST,23992.01,3356439.83,income
2024-03-03,EFT,NETFLIX 6580 ZA,-1961.34,2274915.44,entertainment
2024-03-03,EFT,TELKOM *0604691,-1436.29,3010825.54,utilities
2024-03-03,EFT,VODACOM *556617,-1721.63,421644.02,utilities
2024-03-03,EFT,SALARY ACME LTD,11224.06,334391.17,income
2024-03-04,CARD PURCHASE,SPAR CPT 4466,-572.74,1587864.54,groceries
2024-03-04,ATM WITHDRAWAL,SHELL CPT 4789,-212.78,1092090.94,transport
2024-03-04,ATM WITHDRAWAL,BANK INTEREST,27880.87,987602.5,income
2024-03-04,DEBIT ORDER,BOLT CPT 19640327,-1246.1,1690744.36,transport
2024-03-04,ONLINE PAYMENT,AMAZON STORE 178470,-191.36,2834922.85,shopping
2024-03-04,POS,SALARY ACME LTD,12376.13,1973700.64,income
2024-03-05,POS,SPOTIFY 73351962 ZA,-640.15,1264735.22,entertainment
2024-03-05,DEBIT ORDER,CITY OF CAPE TOWN 8631 ZA,-1475.21,2343843.31,utilities
2024-03-05,EFT,KFC STORE 3281764,-391.05,2230857.89,restaurants
2024-03-05,POS,AMAZON CPT 2273,-1039.17,803632.89,shopping
2024-03-05,ATM WITHDRAWAL,CITY OF CAPE TOWN ONLINE 684562,-1931.4,50848.24,utilities
2024-03-05,ATM WITHDRAWAL,NETFLIX 8380546 ZA,-1182.89,746548.21,entertainment
2024-03-05,EFT,GAME *485388,-907.46,2018655.7,shopping
2024-03-05,POS,BANK INTEREST,22175.35,1627978.34,income
2024-03-06,POS,CHECKERS *60692306,-911.5,1514919.24,groceries
2024-03-06,ONLINE PAYMENT,STEERS CPT 56235,-1909.06,593626.12,restaurants
2024-03-06,ONLINE PAYMENT,SPOTIFY CPT 83135499,-1567.56,824694.88,entertainment
2024-03-06,ONLINE PAYMENT,VODACOM CPT 88403169,-396.43,3422612.61,utilities
2024-03-06,ATM WITHDRAWAL,SPOTIFY 429705 ZA,-1144.38,3448597.83,entertainment
2024-03-06,POS,MAKRO STORE 03778382,-644.12,1448125.16,shopping
2024-03-07,CARD PURCHASE,MTN STORE 91371,-735.32,3527607.43,utilities
2024-03-07,EFT,SALARY ACME LTD,6912.45,1828133.46,income
2024-03-07,EFT,BANK INTEREST,12667.08,3433503.61,income
2024-03-07,DEBIT ORDER,BP STORE 9058187,-1462.71,1280432.18,transport
2024-03-07,ONLINE PAYMENT,BP *53643854,-1375.98,2593492.2,transport
2024-03-07,ATM WITHDRAWAL,MAKRO *45684,-1257.55,2321377.31,shopping
2024-03-07,DEBIT ORDER,GAME *23299,-809.24,2278373.98,shopping
2024-03-07,CARD PURCHASE,CITY OF CAPE TOWN 04217075 ZA,-1116.93,3131941.99,utilities
2024-03-08,POS,TELKOM CPT 6390,-133.65,2598442.25,utilities
2024-03-08,ATM WITHDRAWAL,MAKRO ONLINE 7214,-236.95,3427230.32,shopping
2024-03-08,POS,BOLT ONLINE 012006,-565.77,3459585.47,transport
2024-03-08,CARD PURCHASE,TELKOM STORE 1882,-215.93,1514703.31,utilities
2024-03-09,CARD PURCHASE,SPAR CPT 3206,-1349.27,1686515.13,groceries
2024-03-09,DEBIT ORDER,WOOLWORTHS *97139708,-577.5,2021242.61,groceries
2024-03-09,EFT,AMAZON 765011 ZA,-1590.5,1745871.48,shopping
2024-03-09,EFT,SPOTIFY 0885 ZA,-1932.07,1141685.01,entertainment
2024-03-09,ATM WITHDRAWAL,VODACOM ONLINE 19518948,-246.98,3125401.26,utilities
2024-03-09,ONLINE PAYMENT,MAKRO *4652,-569.36,2074491.12,shopping
2024-03-10,EFT,NETFLIX *518561,-400.76,2754432.45,entertainment
2024-03-10,CARD PURCHASE,KFC 877530 ZA,-107.11,2161563.24,restaurants
2024-03-10,DEBIT ORDER,VODACOM *25161712,-1549.59,3070924.01,utilities
2024-03-10,DEBIT ORDER,FREELANCE CLIENT,28010.59,3075352.36,income
2024-03-10,ATM WITHDRAWAL,TELKOM 282631 ZA,-33.98,1986940.91,utilities
2024-03-11,ATM WITHDRAWAL,SPOTIFY 2220586 ZA,-932.17,708625.94,entertainment
2024-03-11,ONLINE PAYMENT,TELKOM ONLINE 59234704,-625.24,3336630.54,utilities
2024-03-11,EFT,BP STORE 9743877,-1106.15,3445538.52,transport
2024-03-11,ONLINE PAYMENT,STEAM CPT 45068,-1543.23,2015185.14,entertainment
2024-03-12,CARD PURCHASE,TAKEALOT *7389,-490.47,3214255.73,shopping
2024-03-12,EFT,BANK INTEREST,24844.01,854362.55,income
2024-03-12,DEBIT ORDER,BANK INTEREST,8980.56,300538.74,income
2024-03-12,DEBIT ORDER,WOOLWORTHS CPT 2693,-1256.04,2000656.97,groceries
2024-03-12,EFT,BOLT STORE 13009543,-269.68,2327253.75,transport
2024-03-13,CARD PURCHASE,NANDOS *50002921,-362.89,2956265.7,restaurants
2024-03-13,DEBIT ORDER,MAKRO 42911697 ZA,-496.22,1590247.06,shopping
2024-03-13,CARD PURCHASE,VODACOM STORE 35017,-1803.0,852559.55,utilities
2024-03-13,ONLINE PAYMENT,VODACOM 2627 ZA,-78.96,2771793.88,utilities
2024-03-13,CARD PURCHASE,MCDONALDS *30057379,-1643.47,2003575.25,restaurants
2024-03-14,DEBIT ORDER,UBER ONLINE 421305,-149.02,3375710.01,transport
2024-03-14,DEBIT ORDER,TELKOM 1411 ZA,-330.3,2530116.69,utilities
2024-03-14,DEBIT ORDER,FREELANCE CLIENT,7544.67,3528342.75,income
2024-03-14,CARD PURCHASE,MTN ONLINE 2766845,-100.08,3114245.0,utilities
2024-03-15,ONLINE PAYMENT,SPOTIFY *3818,-119.37,2771674.51,entertainment
2024-03-15,ATM WITHDRAWAL,PICK N PAY STORE 1259263,-1571.39,976604.72,groceries
2024-03-15,EFT,MCDONALDS CPT 48130773,-727.74,3417900.24,restaurants
2024-03-15,ONLINE PAYMENT,KFC CPT 1020888,-227.44,2265464.77,restaurants
2024-03-16,EFT,PICK N PAY *0101293,-1773.15,3431307.1,groceries
2024-03-16,ONLINE PAYMENT,TELKOM STORE 66052,-591.4,2994050.07,utilities
2024-03-16,POS,CHECKERS ONLINE 469912,-599.56,1542809.27,groceries
2024-03-16,ONLINE PAYMENT,SHELL STORE 89460185,-1554.85,2803738.99,transport
2024-03-16,DEBIT ORDER,WOOLWORTHS ONLINE 507812,-706.34,1996746.77,groceries
2024-03-16,ONLINE PAYMENT,BP *8119282,-798.03,1749156.08,transport
2024-03-17,CARD PURCHASE,SPOTIFY *61717760,-215.11,1591295.89,entertainment
2024-03-17,CARD PURCHASE,SPAR ONLINE 38927,-1563.46,247589.56,groceries
2024-03-17,ATM WITHDRAWAL,STEAM *46878,-419.95,1822519.01,entertainment
2024-03-17,ONLINE PAYMENT,SALARY ACME LTD,8874.48,3226255.7,income
2024-03-17,DEBIT ORDER,MAKRO CPT 6069,-357.22,3428470.11,shopping
2024-03-18,DEBIT ORDER,FREELANCE CLIENT,10189.37,3373288.11,income
2024-03-18,POS,CITY OF CAPE TOWN *2470113,-848.32,2524342.83,utilities
2024-03-18,ATM WITHDRAWAL,TELKOM ONLINE 129354,-901.45,1092303.72,utilities
2024-03-18,EFT,TELKOM *63568,-674.25,777475.67,utilities
2024-03-18,CARD PURCHASE,FREELANCE CLIENT,29362.54,3291997.24,income
2024-03-19,ONLINE PAYMENT,SPOTIFY *99954139,-1529.77,33392.99,entertainment
2024-03-19,POS,GAME 63709147 ZA,-1156.44,2328088.38,shopping
2024-03-19,DEBIT ORDER,TAKEALOT STORE 74063,-1704.21,1584203.83,shopping
2024-03-19,CARD PURCHASE,SALARY ACME LTD,17542.96,1331762.66,income
2024-03-19,DEBIT ORDER,NANDOS ONLINE 8412695,-453.54,3418627.98,restaurants
2024-03-19,EFT,BP ONLINE 98806481,-166.8,2958733.92,transport
2024-03-19,CARD PURCHASE,MAKRO 4892405 ZA,-1420.19,2972841.51,shopping
2024-03-20,CARD PURCHASE,MTN CPT 88970,-205.48,2593215.47,utilities
2024-03-20,POS,BP ONLINE 81055292,-1188.87,1994287.59,transport
2024-03-20,CARD PURCHASE,STEAM ONLINE 34819,-434.87,1530820.01,entertainment
2024-03-20,DEBIT ORDER,WOOLWORTHS ONLINE 313428,-190.04,3304979.53,groceries
2024-03-21,EFT,MAKRO *4289062,-1505.53,2266776.95,shopping
2024-03-21,POS,GAME *543973,-1550.26,3500654.26,shopping
2024-03-21,ONLINE PAYMENT,SHELL *61708003,-1551.19,211961.72,transport
2024-03-22,DEBIT ORDER,BANK INTEREST,7999.95,1396713.69,income
2024-03-22,CARD PURCHASE,TAKEALOT ONLINE 566474,-843.73,254572.24,shopping
2024-03-22,CARD PURCHASE,BANK INTEREST,18698.57,650513.03,income
2024-03-22,ONLINE PAYMENT,SPAR 5827045 ZA,-931.09,3155517.74,groceries
2024-03-22,ATM WITHDRAWAL,TELKOM CPT 8623,-1158.68,601897.76,utilities
2024-03-23,ATM WITHDRAWAL,CITY OF CAPE TOWN *07096291,-1404.58,973106.8,utilities
2024-03-23,ATM WITHDRAWAL,CHECKERS 03512 ZA,-1226.81,1182133.85,groceries
2024-03-24,POS,STEAM *009280,-103.34,1835104.9,entertainment
2024-03-24,ATM WITHDRAWAL,CITY OF CAPE TOWN *899197,-349.44,762696.62,utilities
2024-03-24,POS,TELKOM 3790 ZA,-1143.63,1144012.83,utilities
2024-03-24,DEBIT ORDER,VODACOM STORE 8009725,-1371.03,759498.18,utilities
2024-03-24,ATM WITHDRAWAL,STEERS ONLINE 31549976,-1274.53,1587080.11,restaurants
2024-03-24,EFT,WOOLWORTHS 59376090 ZA,-181.35,1652263.97,groceries
2024-03-25,ONLINE PAYMENT,SHELL CPT 21206913,-915.31,1548505.74,transport
2024-03-25,CARD PURCHASE,NETFLIX CPT 384206,-258.05,3362461.75,entertainment
2024-03-25,ONLINE PAYMENT,BANK INTEREST,12296.78,2600579.08,income
2024-03-25,ATM WITHDRAWAL,SPOTIFY CPT 5304,-1435.86,747731.1,entertainment
2024-03-25,ATM WITHDRAWAL,FREELANCE CLIENT,19910.27,2450493.99,income
2024-03-25,CARD PURCHASE,FREELANCE CLIENT,23785.75,278357.99,income
2024-03-25,EFT,FREELANCE CLIENT,25299.72,1141738.89,income
2024-03-25,ONLINE PAYMENT,DSTV STORE 36772203,-177.62,1061586.81,entertainment
2024-03-25,CARD PURCHASE,BOLT ONLINE 87001,-827.44,3431568.24,transport
2024-03-26,CARD PURCHASE,CHECKERS 40863 ZA,-843.05,605860.94,groceries
2024-03-26,DEBIT ORDER,AMAZON *3465237,-1824.79,2832982.68,shopping
2024-03-26,ATM WITHDRAWAL,KFC CPT 24386595,-1277.72,2682050.75,restaurants
2024-03-26,EFT,FREELANCE CLIENT,7535.52,2962762.76,income
2024-03-26,DEBIT ORDER,CHECKERS *89103,-981.57,30598.69,groceries
2024-03-26,DEBIT ORDER,MAKRO STORE 976532,-395.75,1143617.08,shopping
2024-03-27,ONLINE PAYMENT,NANDOS STORE 1436233,-1705.48,790406.26,restaurants
2024-03-28,POS,MAKRO *11948,-761.81,598891.64,shopping
2024-03-28,DEBIT ORDER,CITY OF CAPE TOWN *00106,-824.17,1405077.49,utilities
2024-03-28,ATM WITHDRAWAL,SHELL STORE 35017753,-1102.33,3332937.42,transport
2024-03-28,ONLINE PAYMENT,BOLT STORE 65990,-117.35,3024814.64,transport
2024-03-28,ONLINE PAYMENT,DSTV 33602 ZA,-1634.71,1981946.11,entertainment
2024-03-29,ONLINE PAYMENT,CITY OF CAPE TOWN CPT 6498256,-1175.63,1515580.8,utilities
2024-03-29,ATM WITHDRAWAL,TELKOM ONLINE 44498308,-334.65,1546255.41,utilities
2024-03-29,DEBIT ORDER,MAKRO 8634410 ZA,-1857.35,1823422.75,shopping
2024-03-29,POS,NANDOS ONLINE 8939,-1328.16,1648104.3,restaurants
2024-03-29,DEBIT ORDER,FREELANCE CLIENT,25642.63,384774.81,income
2024-03-29,DEBIT ORDER,MAKRO *12711537,-1810.26,693811.32,shopping
2024-03-29,CARD PURCHASE,SHELL STORE 9936447,-75.51,3448732.78,transport
2024-03-29,EFT,KFC 13022 ZA,-433.18,3448808.29,restaurants
2024-03-29,POS,GAME CPT 9303,-952.3,3427467.27,shopping
2024-03-30,DEBIT ORDER,FREELANCE CLIENT,21527.46,1163561.44,income
2024-03-30,EFT,DSTV ONLINE 809812,-1817.9,3121186.78,entertainment
2024-03-30,POS,BANK INTEREST,5507.12,2019621.17,income
2024-03-30,DEBIT ORDER,MCDONALDS STORE 119693,-1816.12,3435673.64,restaurants
2024-03-30,CARD PURCHASE,NETFLIX CPT 02500780,-1929.25,2994641.47,entertainment
2024-03-31,ATM WITHDRAWAL,TELKOM STORE 7536157,-1004.7,2807770.49,utilities
2024-03-31,CARD PURCHASE,TAKEALOT STORE 755718,-1827.01,1962235.05,shopping
2024-03-31,CARD PURCHASE,MAKRO ONLINE 55204974,-1959.17,746184.63,shopping
2024-03-31,ATM WITHDRAWAL,GAME 649210 ZA,-1319.08,891686.01,shopping
2024-03-31,CARD PURCHASE,KFC ONLINE 5843240,-1393.96,1281894.89,restaurants
2024-03-31,POS,SPOTIFY CPT 88951,-1193.19,206821.44,entertainment
2024-03-31,POS,NANDOS ONLINE 880251,-1787.23,1401026.87,restaurants
2024-03-31,ATM WITHDRAWAL,BANK INTEREST,28209.66,2202948.48,income
2024-04-01,DEBIT ORDER,BANK INTEREST,24130.91,2827869.9,income
2024-04-01,EFT,STEAM *4011,-1491.23,1517141.12,entertainment
2024-04-01,ONLINE PAYMENT,TELKOM CPT 64928,-1587.57,3026191.7,utilities
2024-04-01,EFT,FREELANCE CLIENT,16630.74,2686468.74,income
2024-04-01,POS,MTN ONLINE 0431605,-1930.8,482703.84,utilities
2024-04-01,DEBIT ORDER,CITY OF CAPE TOWN *80367,-1188.82,417747.8,utilities
2024-04-01,EFT,BP *759778,-1684.24,2745113.89,transport
2024-04-01,DEBIT ORDER,FREELANCE CLIENT,6734.96,438218.96,income
2024-04-01,CARD PURCHASE,SPAR 3500144 ZA,-1837.74,129312.93,groceries
2024-04-01,EFT,DSTV *1648,-620.5,2703677.71,entertainment
2024-04-01,EFT,BP ONLINE 955944,-994.27,437224.69,transport
2024-04-02,EFT,NETFLIX STORE 2548685,-936.56,1927949.23,entertainment
2024-04-02,DEBIT ORDER,AMAZON ONLINE 162238,-50.71,758053.58,shopping
2024-04-02,ONLINE PAYMENT,FREELANCE CLIENT,25152.12,687236.28,income
2024-04-02,EFT,GAME STORE 71345,-1153.4,2718508.2,shopping
2024-04-02,ATM WITHDRAWAL,STEAM CPT 9846,-1949.86,1364697.17,entertainment
2024-04-02,ATM WITHDRAWAL,STEAM 5094647 ZA,-1486.97,3431079.49,entertainment
2024-04-03,CARD PURCHASE,BOLT 42398300 ZA,-1701.58,3129551.94,transport
2024-04-03,CARD PURCHASE,BP *237378,-535.11,41039.05,transport
2024-04-03,CARD PURCHASE,STEAM CPT 633841,-165.38,2800085.75,entertainment
2024-04-04,EFT,WOOLWORTHS STORE 72342207,-1171.9,1546144.97,groceries
2024-04-04,POS,BOLT 62201 ZA,-1241.43,293112.22,transport
2024-04-05,ATM WITHDRAWAL,FREELANCE CLIENT,27369.82,1551179.16,income
2024-04-05,CARD PURCHASE,WOOLWORTHS 237184 ZA,-1594.43,3146074.18,groceries
2024-04-05,EFT,AMAZON STORE 56321313,-1321.47,151989.01,shopping
2024-04-05,CARD PURCHASE,UBER STORE 09928856,-1713.09,3419886.59,transport
2024-04-05,EFT,NANDOS ONLINE 6807420,-1343.07,50590.03,restaurants
2024-04-05,ATM WITHDRAWAL,UBER CPT 10646,-1017.86,3365652.88,transport
2024-04-06,ONLINE PAYMENT,MAKRO ONLINE 8907,-58.4,323167.11,shopping
2024-04-06,DEBIT ORDER,NETFLIX ONLINE 296280,-1191.22,1967672.02,entertainment
2024-04-06,POS,GAME *59849145,-1669.25,1962162.84,shopping
2024-04-06,CARD PURCHASE,WOOLWORTHS ONLINE 99309,-898.73,2279183.22,groceries
2024-04-06,POS,TELKOM STORE 8538,-419.07,2301823.63,utilities
2024-04-06,DEBIT ORDER,SPAR 25430 ZA,-235.1,603056.44,groceries
2024-04-07,ATM WITHDRAWAL,NETFLIX CPT 439436,-1607.36,2889467.54,entertainment
2024-04-07,ATM WITHDRAWAL,MAKRO STORE 7749496,-475.98,2162713.58,shopping
2024-04-07,POS,MAKRO *5388846,-1149.33,707041.66,shopping
2024-04-07,ONLINE PAYMENT,CITY OF CAPE TOWN *33018,-398.74,2251377.46,utilities
2024-04-07,ATM WITHDRAWAL,AMAZON *972125,-641.12,974642.23,shopping
2024-04-07,DEBIT ORDER,SPAR ONLINE 0620,-360.44,3161519.26,groceries
2024-04-07,DEBIT ORDER,MAKRO ONLINE 32023517,-1538.05,3368686.17,shopping
2024-04-08,ATM WITHDRAWAL,TAKEALOT 27848 ZA,-1092.83,508531.73,shopping
2024-04-08,ONLINE PAYMENT,WOOLWORTHS CPT 9105,-777.49,1211572.61,groceries
2024-04-08,DEBIT ORDER,MCDONALDS STORE 11323500,-97.08,1583523.86,restaurants
2024-04-08,DEBIT ORDER,MTN *784150,-107.56,2999007.77,utilities
2024-04-08,ATM WITHDRAWAL,FREELANCE CLIENT,8490.42,2732181.66,income
2024-04-08,ONLINE PAYMENT,SHELL CPT 8430,-1102.42,3335528.12,transport
2024-04-09,ATM WITHDRAWAL,SPAR STORE 4405798,-257.24,250530.06,groceries
2024-04-09,DEBIT ORDER,BANK INTEREST,14336.54,3373262.0,income
2024-04-09,ONLINE PAYMENT,SPAR STORE 488313,-690.15,3458905.71,groceries
2024-04-09,ONLINE PAYMENT,MAKRO STORE 672019,-395.11,706532.17,shopping
2024-04-09,POS,CHECKERS CPT 4932,-1870.62,1139742.4,groceries
2024-04-09,CARD PURCHASE,SPOTIFY 781330 ZA,-249.47,3430049.34,entertainment
2024-04-10,CARD PURCHASE,BP 9638 ZA,-860.94,2994423.69,transport
2024-04-10,EFT,AMAZON ONLINE 45061842,-1909.82,2705097.96,shopping
2024-04-10,DEBIT ORDER,FREELANCE CLIENT,18973.05,1963117.26,income
2024-04-10,EFT,STEAM *9694,-1236.27,1544908.7,entertainment
2024-04-10,ONLINE PAYMENT,SPOTIFY CPT 455075,-121.98,2712382.23,entertainment
2024-04-10,ATM WITHDRAWAL,FREELANCE CLIENT,22586.66,3356463.92,income
2024-04-11,CARD PURCHASE,MAKRO 3686 ZA,-1564.86,1537020.22,shopping
2024-04-12,POS,UBER 8656 ZA,-1944.0,1928885.79,transport
2024-04-12,POS,NANDOS 47659 ZA,-1046.09,798064.38,restaurants
2024-04-12,ONLINE PAYMENT,DSTV 8733823 ZA,-1011.89,1908304.3,entertainment
2024-04-12,EFT,AMAZON CPT 7361,-1854.59,809166.47,shopping
2024-04-12,POS,MAKRO CPT 8156686,-963.78,2810438.17,shopping
2024-04-12,CARD PURCHASE,UBER ONLINE 34680,-713.3,2011499.32,transport
2024-04-13,DEBIT ORDER,CHECKERS CPT 359715,-423.36,3433080.25,groceries
2024-04-13,CARD PURCHASE,KFC *1845,-899.42,1715466.45,restaurants
2024-04-13,ONLINE PAYMENT,VODACOM STORE 0503125,-603.36,3154914.38,utilities
2024-04-13,POS,SALARY ACME LTD,10928.77,3453687.57,income
2024-04-13,ATM WITHDRAWAL,VODACOM 25786 ZA,-527.43,822295.81,utilities
2024-04-13,DEBIT ORDER,SALARY ACME LTD,17224.59,2268282.48,income
2024-04-13,ONLINE PAYMENT,BP STORE 47452722,-1625.65,1126643.68,transport
2024-04-13,EFT,MTN ONLINE 4755,-377.42,893466.43,utilities
2024-04-13,CARD PURCHASE,GAME 7439 ZA,-1213.18,1160137.95,shopping
2024-04-13,DEBIT ORDER,SPAR *6080436,-1783.24,1158354.71,groceries
2024-04-14,EFT,SHELL STORE 4859374,-598.31,3459595.86,transport
2024-04-14,EFT,MAKRO ONLINE 7281,-1414.86,1841268.42,shopping
2024-04-14,ONLINE PAYMENT,VODACOM STORE 8769864,-1592.78,1948759.85,utilities
2024-04-14,ONLINE PAYMENT,GAME 358061 ZA,-1745.1,1982052.52,shopping
2024-04-15,ATM WITHDRAWAL,UBER ONLINE 45900,-1654.55,1656296.96,transport
2024-04-15,CARD PURCHASE,TELKOM 20561 ZA,-323.74,2754833.21,utilities
2024-04-15,ATM WITHDRAWAL,NANDOS *922474,-950.39,1212482.16,restaurants
2024-04-16,POS,VODACOM CPT 6416,-1429.12,1822986.71,utilities
2024-04-16,CARD PURCHASE,SPAR CPT 03027,-1568.46,755762.97,groceries
2024-04-16,ONLINE PAYMENT,NETFLIX ONLINE 027455,-1563.39,1519669.74,entertainment
2024-04-16,ONLINE PAYMENT,SPAR STORE 3058,-1068.4,3111249.5,groceries
2024-04-16,ONLINE PAYMENT,FREELANCE CLIENT,11223.59,1695388.94,income
2024-04-16,ATM WITHDRAWAL,AMAZON ONLINE 334265,-460.59,2775686.3,shopping
2024-04-17,ATM WITHDRAWAL,MAKRO 04517 ZA,-1865.36,1721426.21,shopping
2024-04-17,CARD PURCHASE,BANK INTEREST,19374.77,2640089.55,income
2024-04-17,ONLINE PAYMENT,KFC CPT 06557,-493.17,1970159.92,restaurants
2024-04-17,EFT,SPOTIFY CPT 76012850,-1149.62,1089931.1,entertainment
2024-04-17,ATM WITHDRAWAL,SALARY ACME LTD,18641.67,2486678.78,income
2024-04-17,CARD PURCHASE,BP CPT 3071,-1935.83,1905847.16,transport
2024-04-17,ONLINE PAYMENT,TELKOM 2688997 ZA,-1595.39,462553.57,utilities
2024-04-18,DEBIT ORDER,WOOLWORTHS *93727778,-996.27,2829703.33,groceries
2024-04-18,POS,MCDONALDS STORE 5471395,-1323.54,2770350.97,restaurants
2024-04-18,EFT,GAME ONLINE 86102121,-1526.1,3123004.68,shopping
2024-04-18,ATM WITHDRAWAL,SPAR *82194,-1340.43,912102.72,groceries
2024-04-18,ONLINE PAYMENT,TAKEALOT STORE 36956856,-1342.59,1513056.15,shopping
2024-04-18,EFT,CITY OF CAPE TOWN STORE 3951877,-1341.29,435263.8,utilities
2024-04-18,EFT,STEERS STORE 144982,-1008.48,8159.8,restaurants
2024-04-19,CARD PURCHASE,STEAM ONLINE 28746539,-1366.42,1461486.49,entertainment
2024-04-19,ONLINE PAYMENT,SALARY ACME LTD,14110.54,2813966.75,income
2024-04-19,CARD PURCHASE,MAKRO STORE 5217811,-158.07,3476998.16,shopping
2024-04-19,DEBIT ORDER,KFC ONLINE 9469,-892.39,2843517.36,restaurants
2024-04-19,EFT,TELKOM STORE 8772,-1434.19,3121362.47,utilities
2024-04-19,CARD PURCHASE,TAKEALOT *8007164,-897.72,2947925.28,shopping
2024-04-20,DEBIT ORDER,STEERS ONLINE 83714657,-955.97,1972564.57,restaurants
2024-04-20,ONLINE PAYMENT,MAKRO STORE 94306,-622.01,1615655.29,shopping
2024-04-20,DEBIT ORDER,FREELANCE CLIENT,27186.71,935828.57,income
2024-04-21,ONLINE PAYMENT,BOLT STORE 27963296,-1210.75,2707007.78,transport
2024-04-21,ATM WITHDRAWAL,CHECKERS ONLINE 4163,-905.81,1951826.42,groceries
2024-04-21,CARD PURCHASE,BP STORE 4158,-1756.68,3430450.91,transport
2024-04-21,ATM WITHDRAWAL,SHELL *1937361,-1821.15,1988699.91,transport
2024-04-21,EFT,BANK INTEREST,17358.04,3135702.57,income
2024-04-21,EFT,MTN ONLINE 2973281,-1060.93,1356436.32,utilities
2024-04-22,DEBIT ORDER,SPOTIFY ONLINE 001897,-505.46,3370478.4,entertainment
2024-04-22,EFT,DSTV *77999,-76.49,3137200.9,entertainment
2024-04-22,DEBIT ORDER,FREELANCE CLIENT,10493.2,2406182.99,income
2024-04-22,ATM WITHDRAWAL,SALARY ACME LTD,18971.6,1644773.52,income
2024-04-23,EFT,CHECKERS *32898819,-268.64,2529848.05,groceries
2024-04-24,POS,SPOTIFY CPT 8875,-571.06,748143.8,entertainment
2024-04-24,ATM WITHDRAWAL,NETFLIX 6590 ZA,-1985.82,2589189.95,entertainment
2024-04-24,DEBIT ORDER,MTN CPT 3943,-1001.55,2320375.76,utilities
2024-04-25,POS,MCDONALDS STORE 9626476,-1261.88,796802.5,restaurants
2024-04-25,ONLINE PAYMENT,BANK INTEREST,14099.33,3380069.96,income
2024-04-25,EFT,BANK INTEREST,23393.14,617019.26,income
2024-04-25,EFT,FREELANCE CLIENT,22615.73,297733.34,income
2024-04-25,ONLINE PAYMENT,NANDOS ONLINE 237669,-1624.9,3445478.6,restaurants
2024-04-26,CARD PURCHASE,SHELL ONLINE 89064,-452.99,2749589.53,transport
2024-04-26,POS,GAME ONLINE 6750950,-1641.0,1916793.72,shopping
2024-04-26,ATM WITHDRAWAL,SALARY ACME LTD,27531.43,2549029.72,income
2024-04-27,CARD PURCHASE,TAKEALOT *026219,-1812.73,31580.26,shopping
2024-04-27,EFT,STEAM ONLINE 17146731,-433.44,805908.74,entertainment
2024-04-27,ONLINE PAYMENT,BANK INTEREST,19192.15,2588177.97,income
2024-04-27,EFT,DSTV *36068109,-1279.61,2396446.43,entertainment
2024-04-27,CARD PURCHASE,NANDOS 682294 ZA,-1947.39,3367257.7,restaurants
2024-04-27,DEBIT ORDER,BANK INTEREST,24735.37,1779332.45,income
2024-04-27,EFT,TELKOM *2997,-700.74,2570359.72,utilities
2024-04-27,ATM WITHDRAWAL,BANK INTEREST,29134.13,3446939.08,income
2024-04-27,EFT,BP *723140,-864.98,1748291.1,transport
2024-04-28,ATM WITHDRAWAL,FREELANCE CLIENT,11075.73,998345.84,income
2024-04-28,POS,AMAZON 9682 ZA,-489.6,3332447.82,shopping
2024-04-28,ATM WITHDRAWAL,VODACOM CPT 6048,-1731.91,2007960.12,utilities
2024-04-28,EFT,VODACOM 3237 ZA,-1738.12,1284749.17,utilities
2024-04-28,DEBIT ORDER,MAKRO STORE 18603,-1026.91,407589.87,shopping
2024-04-28,CARD PURCHASE,BANK INTEREST,19885.82,1695641.91,income
2024-04-28,DEBIT ORDER,SPAR 204577 ZA,-1538.11,1822230.39,groceries
2024-04-28,EFT,SPAR *0044,-246.71,3127475.45,groceries
2024-04-28,EFT,SALARY ACME LTD,8422.46,1759427.93,income
2024-04-29,CARD PURCHASE,CITY OF CAPE TOWN ONLINE 6893358,-1411.71,2723691.24,utilities
2024-04-29,POS,STEERS 751819 ZA,-1320.98,2080527.29,restaurants
2024-04-29,EFT,CHECKERS 8236103 ZA,-944.12,2839708.05,groceries
2024-04-29,ATM WITHDRAWAL,SHELL ONLINE 74347398,-1605.55,1687864.4,transport
2024-04-29,CARD PURCHASE,UBER 502151 ZA,-1316.11,760117.01,transport
2024-04-30,EFT,AMAZON CPT 4488,-1441.12,2746798.13,shopping
2024-04-30,EFT,SALARY ACME LTD,18188.52,2727179.13,income
2024-04-30,DEBIT ORDER,MTN CPT 2861,-1989.16,51933.1,utilities
2024-04-30,ONLINE PAYMENT,SALARY ACME LTD,29938.42,3334917.95,income
2024-04-30,DEBIT ORDER,BOLT CPT 0239063,-1504.12,3134018.45,transport
2024-04-30,DEBIT ORDER,BANK INTEREST,5896.37,2530446.99,income
2024-05-01,ATM WITHDRAWAL,KFC *99643,-1588.85,1135164.24,restaurants
2024-05-01,ONLINE PAYMENT,BP CPT 24046,-1394.82,1751210.09,transport
2024-05-01,DEBIT ORDER,STEAM ONLINE 9517766,-1728.41,978176.11,entertainment
2024-05-01,ONLINE PAYMENT,KFC *3184437,-1840.31,2305373.97,restaurants
2024-05-01,POS,KFC ONLINE 0462038,-1552.2,3158419.4,restaurants
2024-05-01,POS,NETFLIX 6744944 ZA,-207.31,1843577.98,entertainment
2024-05-01,DEBIT ORDER,KFC 2107 ZA,-589.62,3074489.28,restaurants
2024-05-01,POS,TELKOM CPT 0222670,-1817.27,761433.12,utilities
2024-05-02,DEBIT ORDER,SPAR STORE 1489,-600.21,3446832.34,groceries
2024-05-02,DEBIT ORDER,GAME 05352 ZA,-1870.86,3127188.99,shopping
2024-05-02,EFT,WOOLWORTHS *88428441,-630.82,830871.14,groceries
2024-05-02,ONLINE PAYMENT,SHELL 6363 ZA,-716.02,3332903.87,transport
2024-05-02,DEBIT ORDER,SHELL CPT 2203359,-754.02,1140930.99,transport
2024-05-02,ONLINE PAYMENT,STEERS ONLINE 245576,-1867.25,2382662.27,restaurants
2024-05-02,EFT,VODACOM ONLINE 99430410,-1524.12,2348138.45,utilities
2024-05-02,ONLINE PAYMENT,TELKOM ONLINE 530317,-380.6,2277993.38,utilities
2024-05-03,ATM WITHDRAWAL,PICK N PAY CPT 96050,-1046.79,2934714.59,groceries
2024-05-03,CARD PURCHASE,TELKOM ONLINE 65459,-1421.24,3419808.82,utilities
2024-05-03,CARD PURCHASE,MAKRO *0959700,-289.77,1128910.87,shopping
2024-05-03,EFT,PICK N PAY CPT 8545518,-1199.6,1136753.09,groceries
2024-05-03,EFT,DSTV ONLINE 0184,-894.7,1842683.28,entertainment
2024-05-03,CARD PURCHASE,NANDOS CPT 007023,-1684.02,1606059.96,restaurants
2024-05-03,DEBIT ORDER,GAME *50800,-619.66,839585.5,shopping
2024-05-04,ATM WITHDRAWAL,TELKOM 45156311 ZA,-866.38,3364786.5,utilities
2024-05-04,CARD PURCHASE,VODACOM 6794929 ZA,-1096.18,696404.04,utilities
2024-05-05,ATM WITHDRAWAL,BANK INTEREST,24515.59,1664943.78,income
2024-05-05,EFT,MAKRO STORE 4933290,-1830.82,3477156.23,shopping
2024-05-05,POS,SPAR 13554445 ZA,-765.9,2708218.53,groceries
2024-05-05,CARD PURCHASE,BP CPT 99789845,-58.87,3558777.88,transport
2024-05-05,POS,FREELANCE CLIENT,21835.87,1512679.74,income
2024-05-06,DEBIT ORDER,SALARY ACME LTD,13653.99,115130.57,income
2024-05-06,EFT,FREELANCE CLIENT,29863.39,364254.56,income
2024-05-06,DEBIT ORDER,WOOLWORTHS ONLINE 7521605,-1865.96,2969232.79,groceries
2024-05-06,EFT,DSTV CPT 70086518,-1163.95,1534358.69,entertainment
2024-05-06,EFT,SHELL 30655723 ZA,-1298.06,3333619.89,transport
2024-05-06,ATM WITHDRAWAL,SPAR *823795,-345.96,3021273.96,groceries
2024-05-06,EFT,NETFLIX 1762658 ZA,-46.45,3122820.89,entertainment
2024-05-06,ONLINE PAYMENT,MAKRO ONLINE 224594,-273.08,1144921.73,shopping
2024-05-07,ONLINE PAYMENT,NANDOS *0489323,-1174.15,466104.2,restaurants
2024-05-07,POS,STEAM STORE 833593,-1813.21,2484865.57,entertainment
2024-05-07,POS,BOLT *76452,-1428.56,175702.61,transport
2024-05-07,ATM WITHDRAWAL,WOOLWORTHS ONLINE 43490655,-268.79,1216705.44,groceries
2024-05-07,ATM WITHDRAWAL,MTN STORE 77059,-1339.48,1446785.68,utilities
2024-05-07,DEBIT ORDER,STEAM 50322 ZA,-1897.85,3417910.97,entertainment
2024-05-07,CARD PURCHASE,DSTV *155040,-1939.79,1976537.21,entertainment
2024-05-08,EFT,SHELL CPT 85181,-1284.46,2717223.74,transport
2024-05-09,POS,MCDONALDS 9340917 ZA,-329.49,1996417.28,restaurants
2024-05-09,CARD PURCHASE,DSTV *37402093,-1274.41,1689469.95,entertainment
2024-05-09,EFT,FREELANCE CLIENT,25452.94,2986574.96,income
2024-05-09,ONLINE PAYMENT,SALARY ACME LTD,23678.78,1899843.31,income
2024-05-09,EFT,CITY OF CAPE TOWN STORE 3861,-657.37,3149628.05,utilities
2024-05-09,ONLINE PAYMENT,DSTV CPT 57866,-1163.75,297002.59,entertainment
2024-05-10,CARD PURCHASE,AMAZON ONLINE 47284589,-1531.34,1824415.83,shopping
2024-05-10,ATM WITHDRAWAL,WOOLWORTHS *8392466,-1623.17,2084007.85,groceries
2024-05-10,ONLINE PAYMENT,MCDONALDS STORE 6670,-1907.8,2319827.03,restaurants
2024-05-10,ATM WITHDRAWAL,MCDONALDS STORE 214789,-1176.53,3116947.2,restaurants
2024-05-10,CARD PURCHASE,SALARY ACME LTD,21590.22,3132839.72,income
2024-05-10,DEBIT ORDER,MCDONALDS 6007778 ZA,-244.34,3126944.65,restaurants
2024-05-10,DEBIT ORDER,VODACOM *438009,-221.97,2958877.43,utilities
2024-05-10,ONLINE PAYMENT,NANDOS 935388 ZA,-854.38,3291142.86,restaurants
2024-05-11,POS,CHECKERS *76174,-363.53,41583.93,groceries
2024-05-11,EFT,DSTV *1579325,-1661.36,2803163.61,entertainment
2024-05-11,DEBIT ORDER,GAME 7482 ZA,-1933.69,131150.67,shopping
2024-05-11,CARD PURCHASE,DSTV 9320569 ZA,-1427.43,1422904.12,entertainment
2024-05-11,ATM WITHDRAWAL,TAKEALOT 71536 ZA,-1469.74,3432207.59,shopping
2024-05-11,CARD PURCHASE,NETFLIX 013662 ZA,-1253.3,2685502.99,entertainment
2024-05-11,ONLINE PAYMENT,DSTV CPT 48178498,-776.01,1821743.0,entertainment
2024-05-11,DEBIT ORDER,STEERS *29021263,-757.11,3335616.19,restaurants
2024-05-12,ONLINE PAYMENT,MAKRO STORE 03020,-49.89,3364736.61,shopping
2024-05-12,CARD PURCHASE,FREELANCE CLIENT,6552.21,3423417.43,income
2024-05-12,POS,CITY OF CAPE TOWN CPT 39866,-1563.1,2959499.8,utilities
2024-05-12,DEBIT ORDER,CITY OF CAPE TOWN STORE 2719442,-628.46,1203419.47,utilities
2024-05-12,POS,MTN ONLINE 0200649,-1488.21,1820742.18,utilities
2024-05-12,CARD PURCHASE,UBER *09943,-1778.44,1086132.5,transport
2024-05-12,POS,VODACOM *0951316,-712.45,1246234.74,utilities
2024-05-12,POS,FREELANCE CLIENT,17643.0,2167602.56,income
2024-05-12,CARD PURCHASE,MCDONALDS CPT 3351,-1617.66,3370291.25,restaurants
2024-05-13,CARD PURCHASE,UBER STORE 9326236,-121.31,2014114.05,transport
2024-05-13,ONLINE PAYMENT,BOLT 06874001 ZA,-1371.1,3364866.28,transport
2024-05-13,DEBIT ORDER,MAKRO 558083 ZA,-973.96,3368351.28,shopping
2024-05-13,DEBIT ORDER,STEAM CPT 0563,-1733.9,2710738.85,entertainment
2024-05-13,EFT,TAKEALOT ONLINE 08717,-1471.9,986130.6,shopping
2024-05-13,CARD PURCHASE,CHECKERS 45309992 ZA,-601.2,3363613.14,groceries
2024-05-13,DEBIT ORDER,CHECKERS STORE 7811800,-417.2,792516.38,groceries
2024-05-13,CARD PURCHASE,UBER STORE 69186,-774.49,2504740.6,transport
2024-05-13,POS,MTN STORE 9111,-1346.06,29252.63,utilities
2024-05-14,ATM WITHDRAWAL,TELKOM *3117,-1473.79,1950352.63,utilities
2024-05-14,DEBIT ORDER,BP STORE 34094067,-59.03,2174738.82,transport
2024-05-14,EFT,BP *39219790,-1989.79,1204914.83,transport
2024-05-14,POS,TELKOM STORE 9496,-1677.42,255937.51,utilities
2024-05-14,ONLINE PAYMENT,MAKRO STORE 4973793,-347.29,3116599.91,shopping
2024-05-15,EFT,BANK INTEREST,10270.21,85393.44,income
2024-05-15,ATM WITHDRAWAL,MAKRO ONLINE 3006,-855.93,1119212.93,shopping
2024-05-16,DEBIT ORDER,BOLT ONLINE 643899,-1129.17,1945783.56,transport
2024-05-16,POS,NETFLIX *062517,-781.92,1140149.07,entertainment
2024-05-16,POS,STEERS ONLINE 41289,-930.66,1980859.57,restaurants
2024-05-16,ATM WITHDRAWAL,SPOTIFY *880887,-1789.71,1137952.69,entertainment
2024-05-16,CARD PURCHASE,FREELANCE CLIENT,17398.95,1932127.85,income
2024-05-17,CARD PURCHASE,BP 83201 ZA,-714.47,3125407.35,transport
2024-05-17,POS,MTN ONLINE 27289929,-1675.3,758104.29,utilities
2024-05-18,ATM WITHDRAWAL,NETFLIX 83800124 ZA,-1800.59,3119758.84,entertainment
2024-05-18,CARD PURCHASE,FREELANCE CLIENT,9042.31,1317135.8,income
2024-05-18,ONLINE PAYMENT,STEAM ONLINE 752451,-1196.98,833080.26,entertainment
2024-05-18,EFT,AMAZON *283011,-672.43,1927276.8,shopping
2024-05-18,EFT,MTN CPT 9712006,-558.83,3332345.04,utilities
2024-05-18,DEBIT ORDER,NETFLIX STORE 6619935,-1330.23,695073.81,entertainment
2024-05-19,POS,KFC CPT 4545,-1131.59,1393649.86,restaurants
2024-05-19,EFT,SHELL CPT 60859,-1734.27,3588878.85,transport
2024-05-19,ATM WITHDRAWAL,VODACOM CPT 5210727,-1976.82,3350996.99,utilities
2024-05-19,DEBIT ORDER,BOLT CPT 7382,-811.43,1817171.57,transport
2024-05-19,DEBIT ORDER,DSTV CPT 3183,-253.07,2956621.46,entertainment
2024-05-19,EFT,NANDOS 69314234 ZA,-1831.78,3421722.99,restaurants
2024-05-19,DEBIT ORDER,DSTV *338433,-900.98,1664042.8,entertainment
2024-05-20,DEBIT ORDER,PICK N PAY CPT 128709,-889.06,755644.35,groceries
2024-05-20,ONLINE PAYMENT,STEAM 45954 ZA,-646.4,1823768.5,entertainment
2024-05-20,ONLINE PAYMENT,CITY OF CAPE TOWN STORE 160712,-1161.35,1216974.23,utilities
2024-05-20,DEBIT ORDER,TELKOM STORE 018803,-886.42,3363098.74,utilities
2024-05-20,ATM WITHDRAWAL,MTN *949232,-1302.05,3348334.68,utilities
2024-05-21,ONLINE PAYMENT,CITY OF CAPE TOWN 1059866 ZA,-978.79,2846464.83,utilities
2024-05-21,ONLINE PAYMENT,BANK INTEREST,14775.71,1558895.07,income
2024-05-21,ATM WITHDRAWAL,CITY OF CAPE TOWN CPT 5410,-413.39,764293.99,utilities
2024-05-21,CARD PURCHASE,AMAZON CPT 0322,-403.56,450903.33,shopping
2024-05-21,EFT,STEERS ONLINE 15120246,-762.5,3441918.7,restaurants
2024-05-22,POS,DSTV *1331506,-926.92,2596168.7,entertainment
2024-05-22,ATM WITHDRAWAL,VODACOM ONLINE 6012,-577.19,2329244.82,utilities
2024-05-22,EFT,AMAZON *2622,-1837.72,2089388.9,shopping
2024-05-22,POS,CITY OF CAPE TOWN 11376 ZA,-1434.28,2992989.41,utilities
2024-05-23,EFT,BANK INTEREST,29470.56,2622686.03,income
2024-05-23,ONLINE PAYMENT,SPAR CPT 0209206,-48.68,1981897.43,groceries
2024-05-23,DEBIT ORDER,FREELANCE CLIENT,9497.23,311135.1,income
2024-05-23,EFT,BP STORE 3228,-733.97,465370.23,transport
2024-05-24,ATM WITHDRAWAL,SHELL 62754 ZA,-437.05,28815.58,transport
2024-05-24,EFT,UBER *95880848,-981.48,1211249.93,transport
2024-05-24,POS,NETFLIX *017780,-999.92,3371964.5,entertainment
2024-05-24,DEBIT ORDER,MCDONALDS CPT 14532292,-1952.42,3365612.58,restaurants
2024-05-25,CARD PURCHASE,AMAZON ONLINE 620578,-763.56,3415487.51,shopping
2024-05-25,EFT,MAKRO CPT 4153528,-1666.87,1534840.86,shopping
2024-05-25,DEBIT ORDER,BOLT 0215206 ZA,-975.03,2830699.6,transport
2024-05-25,ONLINE PAYMENT,WOOLWORTHS *59706092,-914.69,1012732.98,groceries
2024-05-25,POS,SHELL *60957,-1761.16,3422580.93,transport
2024-05-26,EFT,MAKRO CPT 127516,-1688.24,2390864.48,shopping
2024-05-26,ATM WITHDRAWAL,SPAR STORE 93693760,-1968.46,1998688.51,groceries
2024-05-26,ATM WITHDRAWAL,CHECKERS STORE 8271,-1700.51,3121559.43,groceries
2024-05-26,ATM WITHDRAWAL,FREELANCE CLIENT,20223.34,1443127.46,income
2024-05-26,ATM WITHDRAWAL,CHECKERS 09675826 ZA,-49.55,1288137.72,groceries
2024-05-26,ATM WITHDRAWAL,WOOLWORTHS *9457,-1860.59,685103.1,groceries
2024-05-26,ATM WITHDRAWAL,UBER STORE 21144,-318.37,2843408.56,transport
2024-05-26,EFT,STEAM ONLINE 7320,-941.34,2341238.48,entertainment
2024-05-27,ATM WITHDRAWAL,SPAR CPT 298359,-525.94,3421599.68,groceries
2024-05-27,DEBIT ORDER,UBER STORE 87610312,-1500.56,3445870.69,transport
2024-05-27,ATM WITHDRAWAL,KFC CPT 57531,-951.09,829859.47,restaurants
2024-05-27,CARD PURCHASE,STEERS ONLINE 67102915,-1939.55,716201.18,restaurants
2024-05-27,POS,PICK N PAY *582673,-881.12,3363985.16,groceries
2024-05-27,POS,CITY OF CAPE TOWN 5652 ZA,-1104.25,3330136.64,utilities
2024-05-27,CARD PURCHASE,BOLT 66395 ZA,-699.68,381931.52,transport
2024-05-27,CARD PURCHASE,MCDONALDS ONLINE 290172,-592.47,2598575.9,restaurants
2024-05-28,ONLINE PAYMENT,AMAZON CPT 71071465,-1598.18,3127283.57,shopping
2024-05-28,ONLINE PAYMENT,GAME CPT 3027,-105.29,3147668.61,shopping
2024-05-28,EFT,NETFLIX STORE 35027729,-616.67,294353.65,entertainment
2024-05-29,POS,NETFLIX 44810920 ZA,-425.19,983970.19,entertainment
2024-05-29,DEBIT ORDER,CITY OF CAPE TOWN CPT 7187577,-1660.05,750477.6,utilities
2024-05-29,POS,PICK N PAY 34949141 ZA,-1450.71,2525191.15,groceries
2024-05-30,POS,TAKEALOT *4354,-1750.71,2342695.65,shopping
2024-05-30,EFT,WOOLWORTHS ONLINE 7597,-1045.75,3416865.22,groceries
2024-05-30,POS,KFC ONLINE 3275608,-1774.98,1528406.84,restaurants
2024-05-30,ONLINE PAYMENT,TELKOM STORE 127436,-804.56,3116250.04,utilities
2024-05-30,DEBIT ORDER,SHELL 9838 ZA,-1688.43,2807606.04,transport
2024-05-31,POS,FREELANCE CLIENT,8188.97,1517619.25,income
2024-05-31,DEBIT ORDER,CITY OF CAPE TOWN ONLINE 4043401,-1730.11,1462852.91,utilities
2024-05-31,EFT,MCDONALDS CPT 2220,-139.91,824554.97,restaurants
2024-05-31,CARD PURCHASE,NANDOS 40682 ZA,-304.57,1514398.74,restaurants
2024-05-31,ATM WITHDRAWAL,VODACOM 72313376 ZA,-1854.15,3147773.9,utilities
2024-05-31,DEBIT ORDER,TAKEALOT CPT 77827,-1887.32,2385388.39,shopping
2024-05-31,ONLINE PAYMENT,MAKRO *8188562,-616.56,1549421.05,shopping
2024-05-31,ATM WITHDRAWAL,VODACOM STORE 23152,-1591.42,3126990.85,utilities
2024-05-31,ONLINE PAYMENT,MAKRO STORE 66696,-1691.42,1836777.72,shopping
2024-06-01,ONLINE PAYMENT,FREELANCE CLIENT,6842.47,2972330.6,income
2024-06-01,ATM WITHDRAWAL,SPAR 115561 ZA,-668.74,2822537.47,groceries
2024-06-01,POS,DSTV STORE 81570,-72.74,3157994.19,entertainment
2024-06-01,EFT,MAKRO ONLINE 5972,-1578.72,3381232.25,shopping
2024-06-02,POS,FREELANCE CLIENT,9446.25,2329822.01,income
2024-06-02,ONLINE PAYMENT,CHECKERS STORE 5134,-1341.94,1523042.11,groceries
2024-06-02,ONLINE PAYMENT,BANK INTEREST,11927.77,2394202.75,income
2024-06-02,CARD PURCHASE,TELKOM STORE 9752292,-547.87,1535522.64,utilities
2024-06-02,ATM WITHDRAWAL,DSTV STORE 387905,-1500.07,2216916.12,entertainment
2024-06-03,ONLINE PAYMENT,SALARY ACME LTD,26420.71,1236483.1,income
2024-06-03,CARD PURCHASE,NANDOS CPT 5810,-849.02,1308418.34,restaurants
2024-06-03,CARD PURCHASE,SHELL 49976507 ZA,-979.83,2793651.19,transport
2024-06-03,ATM WITHDRAWAL,TAKEALOT STORE 6298,-1361.11,3413361.5,shopping
2024-06-03,EFT,FREELANCE CLIENT,13343.47,719518.58,income
2024-06-03,ATM WITHDRAWAL,SPAR ONLINE 1400,-1947.75,3439125.11,groceries
2024-06-04,CARD PURCHASE,UBER CPT 0227,-1715.26,1956618.25,transport
2024-06-04,ONLINE PAYMENT,GAME STORE 27666665,-1506.7,754256.27,shopping
2024-06-04,ATM WITHDRAWAL,BANK INTEREST,19140.63,1265375.37,income
2024-06-04,ONLINE PAYMENT,PICK N PAY 7885135 ZA,-575.09,254573.98,groceries
2024-06-04,ONLINE PAYMENT,GAME ONLINE 23067896,-70.25,3122750.64,shopping
2024-06-04,CARD PURCHASE,DSTV STORE 617328,-1247.54,3441072.86,entertainment
2024-06-04,DEBIT ORDER,CITY OF CAPE TOWN ONLINE 06846685,-1472.65,2445665.41,utilities
2024-06-04,CARD PURCHASE,BOLT 19076 ZA,-1963.4,3506740.47,transport
2024-06-04,CARD PURCHASE,SHELL STORE 557212,-439.38,111719.16,transport
2024-06-04,CARD PURCHASE,SPOTIFY 42768206 ZA,-20.18,323225.51,entertainment
2024-06-05,POS,BP *1541,-238.68,2991896.98,transport
2024-06-05,POS,KFC *23651,-575.28,1588354.64,restaurants
2024-06-05,ATM WITHDRAWAL,MTN STORE 64122778,-764.9,3414722.61,utilities
2024-06-05,ONLINE PAYMENT,BOLT *975772,-71.21,3447432.55,transport
2024-06-05,CARD PURCHASE,KFC 70559975 ZA,-880.74,3417804.95,restaurants
2024-06-06,ATM WITHDRAWAL,PICK N PAY CPT 960853,-1934.69,1909779.16,groceries
2024-06-06,DEBIT ORDER,TELKOM CPT 2011234,-65.89,85247.58,utilities
2024-06-06,DEBIT ORDER,SHELL ONLINE 68297,-883.6,801596.56,transport
2024-06-06,EFT,BANK INTEREST,17283.27,3462681.38,income
2024-06-07,ONLINE PAYMENT,MAKRO *2755,-247.41,1646577.01,shopping
2024-06-07,EFT,TAKEALOT STORE 750434,-886.22,213512.91,shopping
2024-06-07,EFT,DSTV *965240,-1917.8,470140.71,entertainment
2024-06-07,ATM WITHDRAWAL,BP ONLINE 7304768,-1400.47,792933.58,transport
2024-06-07,ATM WITHDRAWAL,MAKRO CPT 3007,-222.83,2008566.06,shopping
2024-06-07,POS,SALARY ACME LTD,24885.07,1424331.55,income
2024-06-07,POS,AMAZON 2325 ZA,-1639.68,3076296.05,shopping
2024-06-07,ATM WITHDRAWAL,BP CPT 04056466,-1988.31,2585199.3,transport
2024-06-08,DEBIT ORDER,MCDONALDS ONLINE 037824,-1345.4,2774340.9,restaurants
2024-06-08,CARD PURCHASE,SALARY ACME LTD,19467.12,60506.17,income
2024-06-08,DEBIT ORDER,CITY OF CAPE TOWN CPT 0841198,-204.08,913443.15,utilities
2024-06-08,ONLINE PAYMENT,STEERS ONLINE 8135175,-1748.24,2708990.61,restaurants
2024-06-08,ONLINE PAYMENT,SALARY ACME LTD,7694.37,800210.75,income
2024-06-09,CARD PURCHASE,SHELL STORE 473366,-659.8,2218416.19,transport
2024-06-09,POS,PICK N PAY 8511060 ZA,-1099.55,2888367.99,groceries
2024-06-09,ONLINE PAYMENT,PICK N PAY *24344139,-696.84,3424767.56,groceries
2024-06-09,DEBIT ORDER,MAKRO *808988,-1257.3,2082750.55,shopping
2024-06-09,DEBIT ORDER,MAKRO 65105141 ZA,-1130.21,3442758.8,shopping
2024-06-09,POS,MTN CPT 8740,-1194.83,1527212.01,utilities
2024-06-09,POS,BP 29209 ZA,-833.36,1118379.57,transport
2024-06-09,CARD PURCHASE,NANDOS CPT 407440,-191.79,1612451.16,restaurants
2024-06-10,POS,MCDONALDS CPT 8288,-1342.07,1096782.45,restaurants
2024-06-10,ATM WITHDRAWAL,VODACOM ONLINE 53791815,-153.32,1116439.17,utilities
2024-06-10,ATM WITHDRAWAL,KFC STORE 9262129,-461.34,893005.09,restaurants
2024-06-10,POS,SHELL *693330,-383.89,2352857.08,transport
2024-06-10,POS,MTN ONLINE 20957970,-1799.32,1188884.39,utilities
2024-06-10,EFT,SALARY ACME LTD,5073.08,2814218.52,income
2024-06-10,EFT,VODACOM CPT 1777614,-1579.85,3125703.72,utilities
2024-06-10,ATM WITHDRAWAL,SALARY ACME LTD,13041.12,3536397.9,income
2024-06-11,EFT,KFC 0347 ZA,-544.69,1978477.0,restaurants
2024-06-11,EFT,SHELL CPT 2732,-1578.2,603493.38,transport
2024-06-11,EFT,STEERS STORE 2569,-1622.52,3372964.42,restaurants
2024-06-11,ONLINE PAYMENT,MAKRO ONLINE 0477592,-230.97,127572.5,shopping
2024-06-12,EFT,BANK INTEREST,17999.99,1531033.98,income
2024-06-12,CARD PURCHASE,BANK INTEREST,18585.58,1963832.09,income
2024-06-12,ATM WITHDRAWAL,MTN 412231 ZA,-232.97,692300.71,utilities
2024-06-12,ONLINE PAYMENT,SALARY ACME LTD,11025.19,2812188.06,income
2024-06-12,POS,STEAM CPT 4845080,-1818.83,2957058.6,entertainment
2024-06-13,POS,TELKOM STORE 21236,-1448.66,800147.9,utilities
2024-06-13,POS,SHELL STORE 06517,-1216.59,1728697.07,transport
2024-06-13,ATM WITHDRAWAL,VODACOM CPT 5124,-961.75,40622.18,utilities
2024-06-13,POS,SALARY ACME LTD,24400.73,2430583.72,income
2024-06-14,POS,SPOTIFY 426332 ZA,-1614.11,1657951.51,entertainment
2024-06-14,DEBIT ORDER,BOLT *65599407,-382.37,1096400.08,transport
2024-06-14,CARD PURCHASE,NANDOS CPT 090868,-429.5,2159720.27,restaurants
2024-06-14,POS,NANDOS ONLINE 72399502,-1205.6,1646898.7,restaurants
2024-06-14,CARD PURCHASE,BP 28456 ZA,-1152.73,802480.16,transport
2024-06-14,EFT,DSTV STORE 8576,-951.67,2006819.99,entertainment
2024-06-14,ONLINE PAYMENT,TELKOM STORE 38879,-1318.85,2097228.83,utilities
2024-06-14,POS,VODACOM ONLINE 8980427,-600.1,752137.65,utilities
2024-06-15,EFT,DSTV *0218645,-1212.93,2985362.03,entertainment
2024-06-15,ONLINE PAYMENT,GAME ONLINE 6007875,-256.97,1605802.99,shopping
2024-06-15,POS,MAKRO STORE 33700,-1994.96,3372572.17,shopping
2024-06-15,POS,SHELL ONLINE 2365405,-1212.64,1208461.9,transport
2024-06-16,ONLINE PAYMENT,VODACOM *582682,-93.6,2263462.61,utilities
2024-06-16,EFT,DSTV *78421929,-904.46,2321734.83,entertainment
2024-06-16,POS,TAKEALOT ONLINE 21872,-1023.98,754620.37,shopping
2024-06-16,DEBIT ORDER,MCDONALDS STORE 9248,-1667.7,2916839.72,restaurants
2024-06-16,POS,NETFLIX ONLINE 6828475,-554.9,1210695.03,entertainment
2024-06-16,ONLINE PAYMENT,PICK N PAY CPT 4279611,-559.68,1641432.5,groceries
2024-06-17,DEBIT ORDER,UBER STORE 0560,-824.22,3505916.25,transport
2024-06-17,ONLINE PAYMENT,BANK INTEREST,28031.61,1290104.51,income
2024-06-17,POS,CITY OF CAPE TOWN 9591484 ZA,-108.02,1826327.52,utilities
2024-06-17,CARD PURCHASE,BP CPT 597087,-648.22,689548.84,transport
2024-06-17,DEBIT ORDER,SPAR CPT 3050195,-1111.84,1545143.57,groceries
2024-06-17,ATM WITHDRAWAL,STEAM *7920991,-530.81,1821510.49,entertainment
2024-06-17,DEBIT ORDER,TELKOM CPT 1557316,-1084.9,2920491.64,utilities
2024-06-17,POS,BOLT ONLINE 54267963,-1581.51,45859.9,transport
2024-06-17,EFT,SALARY ACME LTD,27726.96,2150509.75,income
2024-06-18,DEBIT ORDER,STEAM 5179 ZA,-293.74,3422287.19,entertainment
2024-06-18,POS,UBER *0928,-1978.56,2634594.45,transport
2024-06-18,CARD PURCHASE,DSTV CPT 44737029,-682.62,3126308.23,entertainment
2024-06-18,ATM WITHDRAWAL,DSTV CPT 67609456,-1793.5,2963567.99,entertainment
2024-06-18,ONLINE PAYMENT,SPOTIFY 58796856 ZA,-119.69,278238.3,entertainment
2024-06-19,CARD PURCHASE,STEAM 1545839 ZA,-333.89,2509537.94,entertainment
2024-06-19,DEBIT ORDER,AMAZON ONLINE 2989779,-281.42,2675516.75,shopping
2024-06-19,POS,UBER 0965358 ZA,-616.27,3122796.66,transport
2024-06-19,POS,UBER CPT 62981428,-1865.58,2689501.33,transport
2024-06-19,DEBIT ORDER,CITY OF CAPE TOWN STORE 50560674,-1818.41,3352973.81,utilities
2024-06-19,EFT,PICK N PAY *6905,-619.6,436605.09,groceries
2024-06-19,POS,WOOLWORTHS CPT 07140,-923.01,2681127.74,groceries
2024-06-19,CARD PURCHASE,SALARY ACME LTD,27760.02,2714228.76,income
2024-06-19,ATM WITHDRAWAL,SALARY ACME LTD,11830.12,3434750.59,income
2024-06-19,POS,SPOTIFY *77768707,-1711.65,3133715.82,entertainment
2024-06-19,CARD PURCHASE,CHECKERS *473589,-391.9,2845169.11,groceries
2024-06-20,DEBIT ORDER,CITY OF CAPE TOWN ONLINE 628706,-1462.7,1754738.78,utilities
2024-06-20,ONLINE PAYMENT,NANDOS ONLINE 797539,-1696.02,2346959.07,restaurants
2024-06-20,ONLINE PAYMENT,PICK N PAY 58656075 ZA,-1346.63,2597095.62,groceries
2024-06-20,EFT,PICK N PAY CPT 4574,-825.61,1985915.82,groceries
2024-06-20,ATM WITHDRAWAL,BOLT 0310934 ZA,-1927.1,3112317.9,transport
2024-06-21,ATM WITHDRAWAL,STEAM *6201,-388.78,3459196.69,entertainment
2024-06-21,ATM WITHDRAWAL,MAKRO STORE 3000,-1003.16,1911713.85,shopping
2024-06-21,POS,BOLT 6841 ZA,-81.34,1399446.48,transport
2024-06-21,DEBIT ORDER,TELKOM ONLINE 76798,-1705.34,2509871.83,utilities
2024-06-21,DEBIT ORDER,CITY OF CAPE TOWN ONLINE 26432421,-1510.31,1675756.09,utilities
2024-06-22,ATM WITHDRAWAL,BOLT *5032903,-225.36,3443765.12,transport
2024-06-22,POS,TAKEALOT STORE 2046057,-624.04,606344.56,shopping
2024-06-22,EFT,WOOLWORTHS *1282,-1313.56,2675798.17,groceries
2024-06-23,POS,CITY OF CAPE TOWN *77834,-905.21,911197.51,utilities
2024-06-23,EFT,PICK N PAY CPT 5141186,-1169.12,3427300.99,groceries
2024-06-23,ATM WITHDRAWAL,TELKOM 73216 ZA,-1787.08,1116592.49,utilities
2024-06-23,DEBIT ORDER,WOOLWORTHS STORE 95625156,-184.07,2956874.53,groceries
2024-06-23,ONLINE PAYMENT,FREELANCE CLIENT,17625.57,515346.95,income
2024-06-24,ONLINE PAYMENT,MAKRO 06696 ZA,-1207.02,2387275.71,shopping
2024-06-24,POS,NANDOS CPT 0072,-1864.21,2752568.24,restaurants
2024-06-24,EFT,MTN *1771,-564.77,2821972.7,utilities
2024-06-25,ATM WITHDRAWAL,CITY OF CAPE TOWN ONLINE 7701504,-1266.51,3217381.22,utilities
2024-06-25,EFT,GAME STORE 4784917,-342.55,3558836.75,shopping
2024-06-25,EFT,AMAZON ONLINE 920104,-1222.57,2846316.12,shopping
2024-06-25,DEBIT ORDER,BOLT CPT 5696,-54.45,1247144.54,transport
2024-06-25,EFT,CITY OF CAPE TOWN ONLINE 071266,-1349.26,112158.54,utilities
2024-06-26,DEBIT ORDER,BP STORE 6394426,-260.15,2993789.92,transport
2024-06-26,POS,BOLT 28431140 ZA,-256.18,2958900.72,transport
2024-06-26,EFT,MTN CPT 6814,-434.19,2846887.67,utilities
2024-06-26,ATM WITHDRAWAL,NANDOS *39139,-1722.11,2354850.12,restaurants
2024-06-26,EFT,BOLT 66968092 ZA,-1379.04,1121766.41,transport
2024-06-26,ATM WITHDRAWAL,DSTV *464320,-34.7,3027779.27,entertainment
2024-06-27,DEBIT ORDER,TELKOM ONLINE 52088,-518.96,252776.91,utilities
2024-06-27,CARD PURCHASE,FREELANCE CLIENT,15372.42,53922.26,income
2024-06-27,EFT,SALARY ACME LTD,6280.72,3436549.92,income
2024-06-27,ONLINE PAYMENT,SPOTIFY 24923561 ZA,-1686.16,1965985.86,entertainment
2024-06-27,ONLINE PAYMENT,NANDOS STORE 76567,-1295.62,909901.89,restaurants
2024-06-27,ATM WITHDRAWAL,MAKRO ONLINE 7204,-568.38,3117490.95,shopping
2024-06-27,EFT,SPOTIFY STORE 9578218,-599.05,2831674.63,entertainment
2024-06-28,EFT,FREELANCE CLIENT,17735.14,45180.23,income
2024-06-28,DEBIT ORDER,AMAZON STORE 7193,-1350.28,2748239.25,shopping
2024-06-28,ATM WITHDRAWAL,AMAZON ONLINE 15439,-1248.46,1960914.38,shopping
2024-06-28,POS,SPAR 86249 ZA,-1456.0,431484.0,groceries
2024-06-28,ONLINE PAYMENT,AMAZON CPT 94464,-294.41,3446644.67,shopping
2024-06-28,CARD PURCHASE,BOLT 768637 ZA,-926.68,1521233.13,transport
2024-06-28,ATM WITHDRAWAL,GAME ONLINE 1801,-1581.53,1836431.26,shopping
2024-06-29,POS,BANK INTEREST,8997.41,3124124.79,income
2024-06-29,ONLINE PAYMENT,FREELANCE CLIENT,5019.95,3079959.93,income
2024-06-30,EFT,NETFLIX ONLINE 6192,-123.41,2023109.76,entertainment
2024-06-30,ONLINE PAYMENT,SHELL *7406498,-1352.92,309227.68,transport
2024-06-30,DEBIT ORDER,SHELL ONLINE 84129736,-973.17,579913.5,transport
2024-07-01,POS,SALARY ACME LTD,18579.2,2221527.68,income
2024-07-01,EFT,MAKRO 475471 ZA,-816.17,1627162.17,shopping
2024-07-01,ONLINE PAYMENT,MTN ONLINE 89541955,-1667.67,2095561.16,utilities
2024-07-01,POS,SHELL *3244,-1147.64,1984123.02,transport
2024-07-01,POS,MCDONALDS ONLINE 5686,-1942.53,2346195.92,restaurants
2024-07-01,EFT,FREELANCE CLIENT,14473.89,1986322.97,income
2024-07-01,POS,CHECKERS *6821,-1259.71,3024931.99,groceries
2024-07-01,EFT,TELKOM STORE 9373804,-1193.9,2390113.98,utilities
2024-07-02,EFT,BOLT STORE 5427,-1764.72,2371375.59,transport
2024-07-02,DEBIT ORDER,CITY OF CAPE TOWN 7643629 ZA,-398.73,3462635.98,utilities
2024-07-02,POS,PICK N PAY 69383588 ZA,-1744.26,2891074.9,groceries
2024-07-02,ONLINE PAYMENT,STEERS *75303,-213.38,1583990.45,restaurants
2024-07-02,POS,NETFLIX *3589,-1370.49,27445.09,entertainment
2024-07-03,POS,GAME CPT 13800,-1433.91,3370708.76,shopping
2024-07-03,DEBIT ORDER,MTN *7902239,-60.58,830810.56,utilities
2024-07-03,EFT,BANK INTEREST,14315.31,2921576.54,income
2024-07-03,ONLINE PAYMENT,SALARY ACME LTD,28605.56,156178.06,income
2024-07-03,ONLINE PAYMENT,VODACOM STORE 79726,-1623.46,1981790.23,utilities
2024-07-03,ONLINE PAYMENT,UBER CPT 83997051,-316.31,1213971.1,transport
2024-07-03,ATM WITHDRAWAL,BOLT ONLINE 1133773,-1700.09,3121745.0,transport
2024-07-03,POS,WOOLWORTHS CPT 67054870,-403.26,3448116.53,groceries
2024-07-03,POS,BOLT *0325717,-203.83,1236279.27,transport
2024-07-04,ONLINE PAYMENT,BP CPT 85762,-894.3,1566569.2,transport
2024-07-04,ATM WITHDRAWAL,DSTV *4185961,-213.49,1661928.81,entertainment
2024-07-04,CARD PURCHASE,BOLT 91164 ZA,-882.45,3461699.61,transport
2024-07-04,CARD PURCHASE,DSTV STORE 07814343,-1930.87,2527917.18,entertainment
2024-07-05,DEBIT ORDER,CHECKERS CPT 6835313,-1784.23,1970780.34,groceries
2024-07-05,ATM WITHDRAWAL,SPAR *91670,-1606.17,48397.36,groceries
2024-07-05,ONLINE PAYMENT,CITY OF CAPE TOWN ONLINE 3458,-813.86,690197.06,utilities
2024-07-05,POS,CHECKERS *156248,-773.48,2322824.25,groceries
2024-07-06,EFT,SPAR CPT 540491,-993.73,1972706.91,groceries
2024-07-06,ATM WITHDRAWAL,DSTV *8799269,-1804.65,2078182.26,entertainment
2024-07-06,POS,CITY OF CAPE TOWN CPT 57541946,-98.03,1754640.75,utilities
2024-07-07,ATM WITHDRAWAL,BP 422451 ZA,-1361.53,3447371.25,transport
2024-07-07,EFT,NANDOS CPT 5066,-564.86,711721.66,restaurants
2024-07-07,CARD PURCHASE,MTN *87019575,-718.23,3079241.7,utilities
2024-07-07,EFT,NANDOS STORE 846832,-135.43,359655.28,restaurants
2024-07-07,EFT,PICK N PAY CPT 13107029,-169.08,2008788.89,groceries
2024-07-07,DEBIT ORDER,SPOTIFY STORE 7906066,-857.93,2158862.34,entertainment
2024-07-08,ONLINE PAYMENT,UBER CPT 006920,-1888.05,1133234.01,transport
2024-07-08,ONLINE PAYMENT,SALARY ACME LTD,26984.6,1952732.23,income
2024-07-08,ATM WITHDRAWAL,DSTV STORE 37845375,-838.11,1995579.17,entertainment
2024-07-08,ATM WITHDRAWAL,STEAM CPT 4761407,-223.78,3588655.07,entertainment
2024-07-08,ATM WITHDRAWAL,STEAM *38925656,-1204.62,2809145.44,entertainment
2024-07-08,ONLINE PAYMENT,TAKEALOT STORE 6644,-52.06,688416.48,shopping
2024-07-09,EFT,GAME 84337 ZA,-905.84,3444572.76,shopping
2024-07-09,EFT,PICK N PAY 77503 ZA,-1514.59,513832.36,groceries
2024-07-09,DEBIT ORDER,STEERS CPT 69877849,-835.75,438900.96,restaurants
2024-07-10,POS,UBER CPT 2023555,-605.13,1589641.93,transport
2024-07-10,POS,TELKOM *4250601,-1386.08,2085631.02,utilities
2024-07-10,ONLINE PAYMENT,SHELL *1773,-1735.22,984395.38,transport
2024-07-10,POS,BOLT *54768444,-102.63,1643693.67,transport
2024-07-10,DEBIT ORDER,CHECKERS STORE 19650517,-1418.3,3128882.66,groceries
2024-07-10,CARD PURCHASE,TELKOM ONLINE 713318,-1451.96,1951795.6,utilities
2024-07-10,EFT,TELKOM STORE 81939,-627.66,795206.16,utilities
2024-07-10,ATM WITHDRAWAL,SALARY ACME LTD,29632.72,536241.43,income
2024-07-11,EFT,SPOTIFY 05132 ZA,-110.32,1284638.85,entertainment
2024-07-11,CARD PURCHASE,STEAM *788765,-278.64,3556321.32,entertainment
2024-07-11,EFT,SHELL *56486802,-857.83,1971849.08,transport
2024-07-11,CARD PURCHASE,BANK INTEREST,12521.67,3337255.78,income
2024-07-11,ATM WITHDRAWAL,WOOLWORTHS ONLINE 4217414,-130.85,974511.38,groceries
2024-07-11,ATM WITHDRAWAL,SHELL ONLINE 16980123,-1042.99,3324734.11,transport
2024-07-12,ATM WITHDRAWAL,SPOTIFY 1404362 ZA,-1456.72,1131777.29,entertainment
2024-07-13,DEBIT ORDER,WOOLWORTHS 780810 ZA,-812.61,805096.13,groceries
2024-07-13,ATM WITHDRAWAL,NETFLIX *9174,-492.2,2966530.18,entertainment
2024-07-13,ONLINE PAYMENT,TAKEALOT STORE 88338,-1557.28,1206904.62,shopping
2024-07-13,ATM WITHDRAWAL,MAKRO CPT 583250,-433.21,1544050.58,shopping
2024-07-13,POS,SALARY ACME LTD,29378.03,3191223.34,income
2024-07-13,EFT,NETFLIX CPT 240337,-588.41,763705.58,entertainment
2024-07-14,POS,AMAZON CPT 89131,-692.96,2710335.15,shopping
2024-07-14,ONLINE PAYMENT,NANDOS *62260681,-862.62,1643910.9,restaurants
2024-07-14,DEBIT ORDER,PICK N PAY 618219 ZA,-1534.14,2447138.06,groceries
2024-07-15,ATM WITHDRAWAL,PICK N PAY CPT 389515,-1024.14,2719661.6,groceries
2024-07-15,ATM WITHDRAWAL,VODACOM *53103047,-81.45,1986741.43,utilities
2024-07-15,ONLINE PAYMENT,SALARY ACME LTD,23330.39,3424199.43,income
2024-07-15,DEBIT ORDER,TAKEALOT *21271879,-1741.61,1958333.51,shopping
2024-07-15,EFT,SPOTIFY *231748,-820.35,1714646.1,entertainment
2024-07-15,ONLINE PAYMENT,CITY OF CAPE TOWN CPT 5152,-1204.65,1588437.28,utilities
2024-07-15,POS,SPAR *4774446,-1093.44,3128947.96,groceries
2024-07-16,CARD PURCHASE,SPAR ONLINE 7751349,-42.18,1135122.06,groceries
2024-07-16,ONLINE PAYMENT,SPOTIFY 813452 ZA,-71.25,2593420.95,entertainment
2024-07-16,ATM WITHDRAWAL,CHECKERS STORE 801802,-1758.32,3120694.68,groceries
2024-07-17,ATM WITHDRAWAL,SHELL CPT 63038461,-902.81,1946912.73,transport
2024-07-17,DEBIT ORDER,BOLT STORE 90397285,-754.6,47441.41,transport
2024-07-17,DEBIT ORDER,WOOLWORTHS STORE 8256463,-485.04,2047335.12,groceries
2024-07-17,EFT,CHECKERS 31508318 ZA,-1689.2,2831904.99,groceries
2024-07-17,DEBIT ORDER,BP *42899267,-702.81,3592934.32,transport
2024-07-17,ATM WITHDRAWAL,FREELANCE CLIENT,14687.89,2524550.62,income
2024-07-17,POS,SALARY ACME LTD,22128.93,2668775.97,income
2024-07-18,ATM WITHDRAWAL,MTN STORE 6744211,-1164.3,436320.47,utilities
2024-07-18,POS,PICK N PAY CPT 25523,-637.68,2966642.46,groceries
2024-07-18,EFT,GAME CPT 5996266,-1716.88,3118977.8,shopping
2024-07-18,DEBIT ORDER,SHELL 83708 ZA,-1532.74,464242.97,transport
2024-07-18,DEBIT ORDER,VODACOM CPT 862808,-283.87,1527111.63,utilities
2024-07-18,CARD PURCHASE,MTN CPT 835652,-140.41,3445398.11,utilities
2024-07-19,ATM WITHDRAWAL,MCDONALDS CPT 9376129,-1956.5,1585908.04,restaurants
2024-07-19,ONLINE PAYMENT,BOLT CPT 9918,-1299.42,199630.84,transport
2024-07-19,DEBIT ORDER,SPOTIFY ONLINE 4311790,-1439.74,831640.52,entertainment
2024-07-19,POS,STEERS CPT 11269428,-829.2,2808775.19,restaurants
2024-07-19,POS,TAKEALOT *7317791,-1907.72,3117054.6,shopping
2024-07-19,EFT,CHECKERS ONLINE 20784,-756.64,2395689.79,groceries
2024-07-19,DEBIT ORDER,SALARY ACME LTD,7688.46,874786.8,income
2024-07-20,DEBIT ORDER,VODACOM *91939,-1670.59,1956955.94,utilities
2024-07-20,ATM WITHDRAWAL,GAME 1487 ZA,-1879.5,418936.62,shopping
2024-07-20,POS,NETFLIX CPT 0863,-817.83,713541.37,entertainment
2024-07-20,CARD PURCHASE,STEAM *3465975,-1834.0,709887.66,entertainment
2024-07-20,EFT,STEAM *471802,-1999.55,1996688.96,entertainment
2024-07-20,DEBIT ORDER,DSTV 7705 ZA,-1649.92,1098124.52,entertainment
2024-07-20,ATM WITHDRAWAL,BP ONLINE 800158,-938.38,3151478.13,transport
2024-07-22,POS,PICK N PAY STORE 1497,-1192.46,1533166.23,groceries
2024-07-22,EFT,DSTV ONLINE 7479285,-412.69,60093.48,entertainment
2024-07-22,ONLINE PAYMENT,NETFLIX CPT 09989,-716.39,2165155.55,entertainment
2024-07-22,ONLINE PAYMENT,UBER *86693,-535.02,1309267.36,transport
2024-07-22,DEBIT ORDER,PICK N PAY ONLINE 60972,-268.15,1330838.26,groceries
2024-07-22,POS,BANK INTEREST,7188.93,3221444.66,income
2024-07-23,POS,NETFLIX ONLINE 4671627,-1889.94,2847538.69,entertainment
2024-07-23,CARD PURCHASE,FREELANCE CLIENT,18911.26,710356.9,income
2024-07-23,EFT,SALARY ACME LTD,6431.27,2281346.71,income
2024-07-23,POS,UBER ONLINE 34186239,-1025.09,3377636.86,transport
2024-07-23,CARD PURCHASE,MAKRO STORE 4951,-1488.94,1358833.83,shopping
2024-07-24,EFT,MCDONALDS CPT 121759,-1116.6,2276876.78,restaurants
2024-07-24,ONLINE PAYMENT,TAKEALOT *571648,-990.36,2587187.61,shopping
2024-07-25,DEBIT ORDER,VODACOM CPT 766054,-1518.52,752737.75,utilities
2024-07-25,ATM WITHDRAWAL,NANDOS 3028144 ZA,-597.62,3138613.19,restaurants
2024-07-25,DEBIT ORDER,SPAR ONLINE 0219,-924.68,2840897.85,groceries
2024-07-25,ONLINE PAYMENT,WOOLWORTHS *333659,-907.65,2588282.3,groceries
2024-07-26,DEBIT ORDER,PICK N PAY *3830469,-1137.57,1084994.93,groceries
2024-07-26,DEBIT ORDER,PICK N PAY CPT 108349,-280.58,1646296.43,groceries
2024-07-26,DEBIT ORDER,DSTV STORE 35298,-1217.54,1921066.98,entertainment
2024-07-26,POS,KFC STORE 683882,-244.85,473719.89,restaurants
2024-07-26,CARD PURCHASE,DSTV STORE 912849,-1905.16,867685.55,entertainment
2024-07-26,POS,SALARY ACME LTD,6200.21,3436249.55,income
2024-07-26,ONLINE PAYMENT,BANK INTEREST,21355.9,1992136.24,income
2024-07-26,ONLINE PAYMENT,STEAM *50463,-161.62,3443990.48,entertainment
2024-07-26,ONLINE PAYMENT,SPAR STORE 5804,-1160.5,3127722.16,groceries
2024-07-27,EFT,FREELANCE CLIENT,13553.22,803959.48,income
2024-07-27,ONLINE PAYMENT,WOOLWORTHS 15200314 ZA,-1650.43,1286487.29,groceries
2024-07-27,EFT,GAME ONLINE 72935414,-1558.41,1557336.66,shopping
2024-07-28,EFT,SHELL *3817206,-40.25,799110.47,transport
2024-07-28,EFT,PICK N PAY *0884598,-780.68,3430298.81,groceries
2024-07-28,EFT,WOOLWORTHS 1366 ZA,-1830.53,441476.03,groceries
2024-07-29,CARD PURCHASE,MTN *74318,-102.71,1995476.46,utilities
2024-07-29,CARD PURCHASE,GAME ONLINE 94098,-1209.97,3416251.07,shopping
2024-07-29,CARD PURCHASE,DSTV CPT 70526,-904.03,1231909.34,entertainment
2024-07-30,ONLINE PAYMENT,BANK INTEREST,21513.85,1210398.24,income
2024-07-30,CARD PURCHASE,SPOTIFY STORE 9447,-1080.73,2591175.77,entertainment
2024-07-30,DEBIT ORDER,GAME STORE 8362,-860.73,2547296.07,shopping
2024-07-30,DEBIT ORDER,MCDONALDS STORE 565482,-875.91,1947815.54,restaurants
2024-07-30,CARD PURCHASE,DSTV STORE 85475,-1688.36,3411202.75,entertainment
2024-07-30,ATM WITHDRAWAL,CITY OF CAPE TOWN 8878 ZA,-522.88,2317714.76,utilities
2024-07-31,DEBIT ORDER,STEAM *87258,-1952.58,3451954.28,entertainment
2024-07-31,DEBIT ORDER,KFC ONLINE 362597,-1168.69,2965361.49,restaurants
2024-07-31,DEBIT ORDER,MAKRO CPT 190781,-882.3,1522159.81,shopping
2024-08-01,CARD PURCHASE,MTN CPT 20372401,-474.5,1990970.42,utilities
2024-08-01,CARD PURCHASE,STEAM *7828295,-988.42,1066612.95,entertainment
2024-08-01,CARD PURCHASE,UBER 0614 ZA,-99.32,449625.53,transport
2024-08-01,ATM WITHDRAWAL,WOOLWORTHS 4055 ZA,-665.23,3020608.73,groceries
2024-08-01,ATM WITHDRAWAL,NANDOS 8105 ZA,-1726.53,3424741.72,restaurants
2024-08-01,POS,MTN *10074,-591.17,435729.3,utilities
2024-08-01,CARD PURCHASE,TELKOM 41748871 ZA,-1697.75,2345261.32,utilities
2024-08-02,POS,STEERS STORE 8068,-1374.06,3124027.2,restaurants
2024-08-02,DEBIT ORDER,BP CPT 00446425,-694.97,43673.75,transport
2024-08-02,EFT,BOLT STORE 75976547,-1612.13,1140374.63,transport
2024-08-02,EFT,GAME STORE 3785,-1675.87,797519.23,shopping
2024-08-02,POS,KFC 0929 ZA,-646.39,662084.16,restaurants
2024-08-02,ONLINE PAYMENT,SPAR *482990,-1293.17,3429157.74,groceries
2024-08-03,ONLINE PAYMENT,PICK N PAY 3047 ZA,-417.01,706624.65,groceries
2024-08-03,CARD PURCHASE,FREELANCE CLIENT,28508.16,2959099.4,income
2024-08-03,ONLINE PAYMENT,WOOLWORTHS 90492 ZA,-427.44,2307214.28,groceries
2024-08-04,POS,BOLT ONLINE 0417320,-1084.74,2265692.21,transport
2024-08-04,CARD PURCHASE,UBER CPT 3823642,-80.38,3461619.23,transport
2024-08-04,ONLINE PAYMENT,MAKRO 68272 ZA,-1413.47,2160149.77,shopping
2024-08-04,POS,SALARY ACME LTD,17155.55,3163229.73,income
2024-08-04,EFT,SALARY ACME LTD,10210.71,1366647.03,income
2024-08-04,DEBIT ORDER,VODACOM STORE 9932197,-1317.61,3533568.94,utilities
2024-08-04,POS,BP STORE 51477,-983.61,151005.4,transport
2024-08-05,EFT,MAKRO ONLINE 25962421,-49.86,2006770.13,shopping
2024-08-05,POS,NETFLIX CPT 7751,-523.95,298166.34,entertainment
2024-08-05,DEBIT ORDER,BANK INTEREST,25486.92,3502485.08,income
2024-08-05,CARD PURCHASE,TELKOM *6850,-1037.39,1518632.35,utilities
2024-08-06,ONLINE PAYMENT,GAME *0068914,-317.66,3119690.48,shopping
2024-08-06,DEBIT ORDER,SHELL *6322343,-141.47,681567.76,transport
2024-08-06,EFT,MCDONALDS *6315,-850.12,3120008.14,restaurants
2024-08-06,CARD PURCHASE,DSTV 668507 ZA,-880.46,2730737.19,entertainment
2024-08-06,ATM WITHDRAWAL,SALARY ACME LTD,6623.15,423365.65,income
2024-08-06,ATM WITHDRAWAL,SALARY ACME LTD,19204.67,871311.21,income
2024-08-06,EFT,UBER CPT 9284933,-944.81,602548.57,transport
2024-08-06,CARD PURCHASE,CHECKERS CPT 08014370,-1878.91,979904.52,groceries
2024-08-06,ONLINE PAYMENT,KFC 65105 ZA,-1821.28,421201.92,restaurants
2024-08-07,ATM WITHDRAWAL,GAME CPT 789281,-1480.11,681709.23,shopping
2024-08-07,CARD PURCHASE,TELKOM STORE 842858,-692.38,1981205.05,utilities
2024-08-07,EFT,TELKOM CPT 4769,-528.19,3072473.6,utilities
2024-08-08,EFT,WOOLWORTHS STORE 2217,-1396.46,3188229.48,groceries
2024-08-08,POS,BP CPT 54098,-587.21,867098.34,transport
2024-08-08,POS,PICK N PAY 50980 ZA,-545.71,2967280.14,groceries
2024-08-08,ATM WITHDRAWAL,CITY OF CAPE TOWN STORE 4797,-641.54,1128269.33,utilities
2024-08-08,ONLINE PAYMENT,STEAM CPT 01202,-328.91,2741928.25,entertainment
2024-08-09,CARD PURCHASE,VODACOM CPT 2905992,-943.38,3523356.78,utilities
2024-08-09,POS,MCDONALDS 80806988 ZA,-542.2,1983580.82,restaurants
2024-08-09,ONLINE PAYMENT,VODACOM STORE 43568640,-462.97,1909316.19,utilities
2024-08-10,POS,CITY OF CAPE TOWN *806561,-552.61,1590743.28,utilities
2024-08-10,DEBIT ORDER,MTN STORE 1278,-457.74,3118344.53,utilities
2024-08-10,EFT,SHELL ONLINE 7708,-1873.7,1990262.54,transport
2024-08-10,DEBIT ORDER,FREELANCE CLIENT,7357.15,2081848.27,income
2024-08-10,CARD PURCHASE,MAKRO *1438,-940.23,758557.95,shopping
2024-08-10,DEBIT ORDER,MAKRO STORE 449182,-262.78,893843.85,shopping
2024-08-11,EFT,SALARY ACME LTD,15333.75,2356572.23,income
2024-08-11,ONLINE PAYMENT,UBER *5758893,-106.35,1234831.44,transport
2024-08-11,EFT,BANK INTEREST,19075.06,2865391.18,income
2024-08-11,DEBIT ORDER,CITY OF CAPE TOWN CPT 4254,-542.53,1747461.98,utilities
2024-08-11,ONLINE PAYMENT,VODACOM CPT 75686,-619.38,2622066.65,utilities
2024-08-11,ONLINE PAYMENT,NANDOS CPT 995131,-303.24,3478987.05,restaurants
2024-08-11,ONLINE PAYMENT,TELKOM CPT 85363,-1520.17,756533.41,utilities
2024-08-11,CARD PURCHASE,TELKOM 76623600 ZA,-103.75,2992885.66,utilities
2024-08-11,POS,BP CPT 841177,-1752.47,1988510.07,transport
2024-08-11,ATM WITHDRAWAL,AMAZON STORE 639720,-894.46,745653.75,shopping
2024-08-11,DEBIT ORDER,TAKEALOT 7686 ZA,-658.77,2354191.35,shopping
2024-08-12,DEBIT ORDER,SALARY ACME LTD,8549.86,1190683.71,income
2024-08-12,POS,WOOLWORTHS STORE 32023087,-565.51,3375859.03,groceries
2024-08-12,POS,MTN *93686127,-1025.12,498185.09,utilities
2024-08-12,CARD PURCHASE,GAME ONLINE 46915,-948.02,54624.64,shopping
2024-08-12,ONLINE PAYMENT,AMAZON STORE 9371027,-1665.94,154104.93,shopping
2024-08-12,ATM WITHDRAWAL,SALARY ACME LTD,6572.05,1146518.21,income
2024-08-12,CARD PURCHASE,MAKRO STORE 155531,-419.38,296583.21,shopping
2024-08-12,POS,UBER STORE 705618,-657.38,2700891.8,transport
2024-08-13,CARD PURCHASE,BOLT ONLINE 2337,-738.6,2834807.47,transport
2024-08-13,DEBIT ORDER,KFC STORE 62430499,-1575.82,3079108.48,restaurants
2024-08-13,ATM WITHDRAWAL,SALARY ACME LTD,11856.04,2355699.35,income
2024-08-14,ONLINE PAYMENT,SALARY ACME LTD,14144.58,323245.69,income
2024-08-14,DEBIT ORDER,DSTV ONLINE 38526728,-839.04,2017816.66,entertainment
2024-08-14,ATM WITHDRAWAL,SPOTIFY ONLINE 656611,-1981.03,2844483.8,entertainment
2024-08-14,ONLINE PAYMENT,TELKOM STORE 1212107,-1723.13,55572.66,utilities
2024-08-15,DEBIT ORDER,BANK INTEREST,25266.49,2572562.56,income
2024-08-15,ONLINE PAYMENT,MCDONALDS ONLINE 30242,-1507.69,1315628.11,restaurants
2024-08-15,CARD PURCHASE,CHECKERS STORE 277394,-1516.23,792111.74,groceries
2024-08-15,EFT,UBER *823287,-625.34,1200504.32,transport
2024-08-15,EFT,TAKEALOT ONLINE 0425,-298.18,2228564.6,shopping
2024-08-15,POS,TAKEALOT CPT 405994,-1792.64,3450727.44,shopping
2024-08-15,POS,BANK INTEREST,12684.62,697500.22,income
2024-08-15,CARD PURCHASE,TELKOM CPT 9880,-802.94,1542006.33,utilities
2024-08-16,ONLINE PAYMENT,KFC ONLINE 0318,-794.45,153310.48,restaurants
2024-08-16,ONLINE PAYMENT,TELKOM CPT 767886,-1554.04,291558.18,utilities
2024-08-16,EFT,BANK INTEREST,28803.04,2124364.2,income
2024-08-16,EFT,FREELANCE CLIENT,27114.63,779082.31,income
2024-08-16,EFT,FREELANCE CLIENT,6861.56,2397726.04,income
2024-08-17,POS,SPOTIFY CPT 9776509,-600.06,799259.27,entertainment
2024-08-17,POS,PICK N PAY 209158 ZA,-23.04,3348311.64,groceries
2024-08-17,CARD PURCHASE,BOLT ONLINE 08688,-1784.97,971321.83,transport
2024-08-17,ONLINE PAYMENT,MCDONALDS *4296159,-280.56,3502204.52,restaurants
2024-08-17,POS,GAME STORE 2428611,-691.26,691010.92,shopping
2024-08-17,ATM WITHDRAWAL,UBER STORE 511568,-617.16,2326636.59,transport
2024-08-18,EFT,BANK INTEREST,17216.29,2849121.28,income
2024-08-18,POS,DSTV *3709,-1210.05,2012838.21,entertainment
2024-08-18,DEBIT ORDER,TELKOM CPT 6620907,-439.2,3417461.04,utilities
2024-08-18,EFT,BANK INTEREST,28835.26,2756297.13,income
2024-08-18,DEBIT ORDER,NETFLIX ONLINE 8452,-523.22,3133058.92,entertainment
2024-08-18,POS,BP CPT 925703,-1984.22,2918507.42,transport
2024-08-19,ATM WITHDRAWAL,SPAR *01710,-1501.2,209022.44,groceries
2024-08-19,ONLINE PAYMENT,VODACOM *2311,-1710.04,835886.08,utilities
2024-08-19,EFT,GAME STORE 7556,-586.98,3129059.85,shopping
2024-08-19,DEBIT ORDER,BOLT 2652284 ZA,-1938.35,2592256.5,transport
2024-08-19,ONLINE PAYMENT,UBER CPT 52098,-260.45,891425.56,transport
2024-08-19,ATM WITHDRAWAL,MTN ONLINE 3462082,-748.93,447628.1,utilities
2024-08-20,CARD PURCHASE,BP *37001519,-510.71,1210184.32,transport
2024-08-20,ONLINE PAYMENT,AMAZON CPT 0463,-864.85,3123259.94,shopping
2024-08-21,DEBIT ORDER,STEERS CPT 53971,-1098.29,833264.7,restaurants
2024-08-21,EFT,DSTV ONLINE 1726,-1621.15,3452520.08,entertainment
2024-08-22,DEBIT ORDER,SPOTIFY CPT 1948,-122.47,2701549.18,entertainment
2024-08-22,EFT,TAKEALOT ONLINE 74004257,-1709.64,1585370.47,shopping
2024-08-22,ONLINE PAYMENT,BOLT STORE 7720247,-512.32,1404565.17,transport
2024-08-22,CARD PURCHASE,STEERS *4062,-1367.32,3524300.16,restaurants
2024-08-22,ONLINE PAYMENT,SHELL 52791 ZA,-382.56,1183360.66,transport
2024-08-23,ATM WITHDRAWAL,NETFLIX CPT 79883,-267.16,9168.28,entertainment
2024-08-23,DEBIT ORDER,UBER *13088381,-1433.08,417582.0,transport
2024-08-23,POS,BOLT 31944 ZA,-688.47,3131253.52,transport
2024-08-24,DEBIT ORDER,BP 63576867 ZA,-1275.32,2526641.86,transport
2024-08-24,ONLINE PAYMENT,WOOLWORTHS STORE 12037,-87.31,2993702.61,groceries
2024-08-24,DEBIT ORDER,CITY OF CAPE TOWN CPT 013599,-1837.88,1979021.69,utilities
2024-08-24,ATM WITHDRAWAL,CITY OF CAPE TOWN STORE 3015,-1719.59,982250.6,utilities
2024-08-24,EFT,CHECKERS 572144 ZA,-223.36,1539848.5,groceries
2024-08-25,DEBIT ORDER,TAKEALOT CPT 44673,-734.33,2392552.72,shopping
2024-08-25,ATM WITHDRAWAL,SHELL ONLINE 24951113,-193.42,3419166.75,transport
2024-08-25,CARD PURCHASE,FREELANCE CLIENT,19987.24,3311130.1,income
2024-08-25,ONLINE PAYMENT,DSTV ONLINE 2119,-1232.29,3590613.12,entertainment
2024-08-25,POS,CHECKERS 5001 ZA,-1880.2,1958626.53,groceries
2024-08-25,ATM WITHDRAWAL,BOLT *0506,-1754.93,3374586.94,transport
2024-08-25,DEBIT ORDER,BANK INTEREST,25370.09,3103195.0,income
2024-08-25,CARD PURCHASE,PICK N PAY CPT 8710245,-1498.66,3224757.04,groceries
2024-08-26,ATM WITHDRAWAL,SHELL 5339216 ZA,-174.9,435554.4,transport
2024-08-26,CARD PURCHASE,KFC 85517225 ZA,-1274.13,1741686.76,restaurants
2024-08-27,DEBIT ORDER,MAKRO 04918788 ZA,-1194.57,3379605.0,shopping
2024-08-27,DEBIT ORDER,BOLT 3671 ZA,-1403.27,3370983.86,transport
2024-08-27,ATM WITHDRAWAL,VODACOM STORE 79547,-659.52,763046.06,utilities
2024-08-27,POS,VODACOM *89301,-250.14,1749954.11,utilities
2024-08-27,POS,SHELL 40577456 ZA,-932.39,778149.92,transport
2024-08-28,ONLINE PAYMENT,BANK INTEREST,14332.82,2231248.94,income
2024-08-28,ONLINE PAYMENT,CHECKERS ONLINE 3214327,-756.87,2843726.93,groceries
2024-08-28,POS,BANK INTEREST,14881.83,3520798.08,income
2024-08-28,POS,BOLT *35736,-56.56,2021186.05,transport
2024-08-28,EFT,MAKRO STORE 06594918,-1382.59,3369326.17,shopping
2024-08-28,CARD PURCHASE,PICK N PAY CPT 5213,-1792.82,3119952.18,groceries
2024-08-29,POS,MCDONALDS 20367 ZA,-362.19,1976175.02,restaurants
2024-08-29,ATM WITHDRAWAL,SALARY ACME LTD,20806.0,766459.75,income
2024-08-29,CARD PURCHASE,VODACOM CPT 97241214,-319.57,2251057.89,utilities
2024-08-29,POS,BP STORE 1903,-1858.72,3325777.1,transport
2024-08-29,POS,TELKOM CPT 783720,-924.44,52779.64,utilities
2024-08-29,EFT,TELKOM ONLINE 1324,-866.33,2725102.95,utilities
2024-08-29,EFT,SALARY ACME LTD,22474.02,1839645.59,income
2024-08-30,DEBIT ORDER,SALARY ACME LTD,26757.71,1357497.25,income
2024-08-30,POS,GAME CPT 688322,-1982.92,2948823.0,shopping
2024-08-30,EFT,VODACOM CPT 8147382,-1752.37,764707.38,utilities
2024-08-30,CARD PURCHASE,CHECKERS ONLINE 35328,-183.56,2304028.74,groceries
2024-08-30,ATM WITHDRAWAL,SPAR *23416940,-515.83,2342179.82,groceries
2024-08-30,CARD PURCHASE,KFC STORE 67693,-1460.76,1991444.92,restaurants
2024-08-30,ATM WITHDRAWAL,NETFLIX CPT 6749,-381.51,3460194.17,entertainment
2024-08-30,POS,KFC ONLINE 41737,-986.39,3120376.08,restaurants
2024-08-30,DEBIT ORDER,BANK INTEREST,5848.15,1825280.1,income
2024-08-30,ATM WITHDRAWAL,WOOLWORTHS CPT 22618,-126.57,309101.11,groceries
2024-08-31,POS,SHELL *9020424,-377.25,2806000.24,transport
2024-08-31,POS,NETFLIX ONLINE 880401,-1306.25,2712504.21,entertainment
2024-08-31,ATM WITHDRAWAL,CHECKERS STORE 87970,-515.92,2123848.28,groceries
2024-08-31,CARD PURCHASE,UBER ONLINE 338122,-1821.91,3015067.2,transport
2024-08-31,POS,MAKRO 09634239 ZA,-1236.85,3454141.23,shopping
2024-09-01,ATM WITHDRAWAL,DSTV 83921 ZA,-713.05,1817983.0,entertainment
2024-09-01,CARD PURCHASE,AMAZON ONLINE 711501,-1141.44,2845746.23,shopping
2024-09-01,ONLINE PAYMENT,CITY OF CAPE TOWN 570747 ZA,-314.24,482389.6,utilities
2024-09-01,EFT,TELKOM 9349 ZA,-414.92,104877.9,utilities
2024-09-01,ATM WITHDRAWAL,MAKRO STORE 6020,-272.59,686963.69,shopping
2024-09-01,EFT,SALARY ACME LTD,10699.33,2091226.62,income
2024-09-01,ATM WITHDRAWAL,SPAR *96492,-632.67,1739728.38,groceries
2024-09-01,CARD PURCHASE,AMAZON *116384,-703.56,2702974.15,shopping
2024-09-02,EFT,SHELL 542480 ZA,-1194.02,751967.68,transport
2024-09-02,CARD PURCHASE,SPOTIFY 2991578 ZA,-1002.0,676334.85,entertainment
2024-09-02,POS,SPOTIFY CPT 81749,-393.56,834608.66,entertainment
2024-09-02,POS,MTN CPT 11434,-1013.03,3447103.5,utilities
2024-09-02,ONLINE PAYMENT,MTN CPT 22734,-1129.77,105292.82,utilities
2024-09-03,POS,TELKOM ONLINE 51416887,-454.34,298690.29,utilities
2024-09-03,ONLINE PAYMENT,TAKEALOT 06146529 ZA,-1015.27,2997992.5,shopping
2024-09-03,ONLINE PAYMENT,BP ONLINE 433753,-852.48,2971376.42,transport
2024-09-03,DEBIT ORDER,DSTV CPT 75066399,-1080.3,688468.54,entertainment
2024-09-04,EFT,CITY OF CAPE TOWN ONLINE 9825116,-1590.7,2810597.36,utilities
2024-09-04,ONLINE PAYMENT,TELKOM *525048,-584.84,1983413.69,utilities
2024-09-04,ONLINE PAYMENT,KFC ONLINE 5395,-100.03,300438.71,restaurants
2024-09-04,ATM WITHDRAWAL,KFC ONLINE 238742,-579.06,2633086.31,restaurants
2024-09-04,ONLINE PAYMENT,BOLT STORE 025456,-1454.68,57295.79,transport
2024-09-04,EFT,MAKRO CPT 841093,-111.03,1920955.95,shopping
2024-09-04,ATM WITHDRAWAL,SALARY ACME LTD,28421.74,2255974.73,income
2024-09-05,ATM WITHDRAWAL,AMAZON CPT 664166,-759.05,2508778.89,shopping
2024-09-05,ONLINE PAYMENT,BOLT CPT 52282,-46.77,2771872.84,transport
2024-09-05,CARD PURCHASE,CITY OF CAPE TOWN ONLINE 04905,-782.73,3449742.21,utilities
2024-09-06,ATM WITHDRAWAL,SPAR ONLINE 81794856,-993.81,2219075.99,groceries
2024-09-06,EFT,SALARY ACME LTD,14795.2,631814.46,income
2024-09-06,ONLINE PAYMENT,UBER 64219407 ZA,-1331.67,2751236.57,transport
2024-09-07,CARD PURCHASE,BP ONLINE 66578,-1570.77,3593637.13,transport
2024-09-07,EFT,FREELANCE CLIENT,27477.83,2023233.17,income
2024-09-07,CARD PURCHASE,BOLT *004343,-262.21,509624.56,transport
2024-09-08,EFT,MAKRO STORE 6564,-1893.3,1986568.46,shopping
2024-09-08,ATM WITHDRAWAL,MCDONALDS 61199554 ZA,-1697.92,1826435.54,restaurants
2024-09-08,EFT,SALARY ACME LTD,6773.63,2992135.66,income
2024-09-08,ONLINE PAYMENT,BOLT CPT 83594,-1175.08,1915618.64,transport
2024-09-09,CARD PURCHASE,SPAR 92785 ZA,-635.31,1567463.5,groceries
2024-09-09,DEBIT ORDER,FREELANCE CLIENT,5641.82,1448769.28,income
2024-09-09,EFT,STEERS CPT 1710854,-369.53,745815.1,restaurants
2024-09-09,POS,CITY OF CAPE TOWN *3201,-90.25,2959409.55,utilities
2024-09-09,ATM WITHDRAWAL,WOOLWORTHS 91893 ZA,-1138.81,3445693.53,groceries
2024-09-10,DEBIT ORDER,BANK INTEREST,21090.05,3454128.54,income
2024-09-10,CARD PURCHASE,SALARY ACME LTD,15016.11,1549856.97,income
2024-09-10,ATM WITHDRAWAL,BANK INTEREST,24270.98,915696.54,income
2024-09-10,ATM WITHDRAWAL,GAME STORE 8426763,-349.34,3455817.21,shopping
2024-09-10,EFT,DSTV 66414452 ZA,-20.94,3525667.48,entertainment
2024-09-10,ONLINE PAYMENT,NANDOS STORE 3207762,-1571.44,1614083.85,restaurants
2024-09-10,POS,SALARY ACME LTD,27998.84,607912.34,income
2024-09-10,EFT,MAKRO *26336328,-1657.42,3531911.52,shopping
2024-09-10,POS,PICK N PAY CPT 377556,-1541.43,3444152.1,groceries
2024-09-10,EFT,MAKRO *91737421,-1074.29,679281.84,shopping
2024-09-10,CARD PURCHASE,TELKOM ONLINE 487574,-187.56,1971938.24,utilities
2024-09-10,CARD PURCHASE,SPOTIFY STORE 5218,-377.91,3118498.78,entertainment
2024-09-11,ONLINE PAYMENT,VODACOM STORE 5637410,-1416.79,3077824.91,utilities
2024-09-11,DEBIT ORDER,KFC CPT 1123203,-1818.37,1610632.79,restaurants
2024-09-12,EFT,BANK INTEREST,16619.34,2280081.95,income
2024-09-12,ATM WITHDRAWAL,TAKEALOT *706734,-1321.49,1944144.21,shopping
2024-09-12,EFT,MAKRO STORE 1334,-1485.33,1540521.0,shopping
2024-09-12,ONLINE PAYMENT,KFC CPT 6017,-758.27,1661170.54,restaurants
2024-09-12,ATM WITHDRAWAL,SALARY ACME LTD,21365.2,133084.36,income
2024-09-13,CARD PURCHASE,NANDOS STORE 5269,-109.7,85137.88,restaurants
2024-09-13,ATM WITHDRAWAL,CITY OF CAPE TOWN *5259,-103.12,840205.16,utilities
2024-09-13,ATM WITHDRAWAL,PICK N PAY CPT 5362,-1102.37,604867.77,groceries
2024-09-13,CARD PURCHASE,MTN CPT 4206,-560.16,3558217.72,utilities
2024-09-14,ATM WITHDRAWAL,WOOLWORTHS *24334600,-474.07,935354.5,groceries
2024-09-14,ONLINE PAYMENT,STEERS 49901 ZA,-799.75,2704298.21,restaurants
2024-09-14,POS,CHECKERS 787263 ZA,-858.87,2384529.52,groceries
2024-09-14,CARD PURCHASE,SALARY ACME LTD,27902.63,1723291.57,income
2024-09-15,ONLINE PAYMENT,MCDONALDS ONLINE 3733,-1311.21,3508703.87,restaurants
2024-09-15,DEBIT ORDER,DSTV 0872222 ZA,-1278.11,253295.87,entertainment
2024-09-15,POS,MCDONALDS STORE 815919,-843.54,295407.67,restaurants
2024-09-15,DEBIT ORDER,AMAZON STORE 64636,-1297.38,1609335.41,shopping
2024-09-15,CARD PURCHASE,MAKRO ONLINE 15174,-1469.33,511246.88,shopping
2024-09-15,DEBIT ORDER,CHECKERS STORE 648625,-1594.13,3376042.73,groceries
2024-09-16,EFT,TAKEALOT *4776,-1011.61,2227552.99,shopping
2024-09-16,EFT,NETFLIX STORE 267882,-427.46,2794631.02,entertainment
2024-09-16,CARD PURCHASE,SALARY ACME LTD,26762.96,34922.76,income
2024-09-16,ATM WITHDRAWAL,STEAM *1335,-661.37,420982.65,entertainment
2024-09-16,DEBIT ORDER,SALARY ACME LTD,21764.51,3245443.24,income
2024-09-16,POS,FREELANCE CLIENT,7243.28,2646647.04,income
2024-09-16,EFT,UBER ONLINE 03922,-961.96,794334.05,transport
2024-09-16,POS,BANK INTEREST,16605.4,451306.89,income
2024-09-16,CARD PURCHASE,WOOLWORTHS *308623,-1202.69,2937525.94,groceries
2024-09-16,ONLINE PAYMENT,CHECKERS ONLINE 9492,-915.7,2393287.05,groceries
2024-09-16,EFT,NETFLIX ONLINE 66206,-1445.44,1719980.77,entertainment
2024-09-17,CARD PURCHASE,TELKOM 36679 ZA,-151.75,1583838.7,utilities
2024-09-17,ONLINE PAYMENT,KFC CPT 76199135,-508.86,2163189.56,restaurants
2024-09-17,CARD PURCHASE,SALARY ACME LTD,26046.32,1592615.52,income
2024-09-17,DEBIT ORDER,SALARY ACME LTD,5134.24,2997031.22,income
2024-09-17,CARD PURCHASE,KFC STORE 18734608,-823.26,415962.74,restaurants
2024-09-18,ATM WITHDRAWAL,DSTV STORE 57203,-839.26,1525995.54,entertainment
2024-09-18,CARD PURCHASE,VODACOM ONLINE 0305,-78.04,3448519.79,utilities
2024-09-18,CARD PURCHASE,NETFLIX STORE 3424,-348.78,1985974.19,entertainment
2024-09-18,CARD PURCHASE,BANK INTEREST,13214.19,1406864.05,income
2024-09-18,CARD PURCHASE,BANK INTEREST,20489.71,1536070.51,income
2024-09-19,EFT,UBER *57455522,-1506.9,2448672.2,transport
2024-09-19,EFT,BP CPT 98456,-1786.04,2302242.7,transport
2024-09-20,EFT,AMAZON 06833115 ZA,-1982.55,3372533.98,shopping
2024-09-20,DEBIT ORDER,SPOTIFY CPT 0378,-418.3,2713810.46,entertainment
2024-09-20,POS,STEAM ONLINE 554540,-184.68,3449241.47,entertainment
2024-09-20,CARD PURCHASE,FREELANCE CLIENT,20729.63,1605438.17,income
2024-09-20,ATM WITHDRAWAL,MAKRO *91143313,-718.68,2164436.87,shopping
2024-09-21,ONLINE PAYMENT,AMAZON *75455,-134.76,2326501.83,shopping
2024-09-21,CARD PURCHASE,UBER *63930716,-239.51,1717635.13,transport
2024-09-21,ATM WITHDRAWAL,VODACOM ONLINE 7625501,-1576.23,603291.54,utilities
2024-09-21,CARD PURCHASE,STEERS CPT 7009699,-625.59,2012212.62,restaurants
2024-09-21,CARD PURCHASE,CHECKERS 47480382 ZA,-893.87,1949487.81,groceries
2024-09-21,CARD PURCHASE,DSTV 86958 ZA,-1986.75,2952749.82,entertainment
2024-09-21,EFT,SALARY ACME LTD,12188.05,1617626.22,income
2024-09-22,POS,MCDONALDS 1000062 ZA,-186.41,3126121.82,restaurants
2024-09-22,DEBIT ORDER,DSTV 93510 ZA,-374.42,605970.14,entertainment
2024-09-22,ONLINE PAYMENT,SALARY ACME LTD,23473.08,3479290.29,income
2024-09-22,EFT,PICK N PAY *6356131,-1150.15,2725969.28,groceries
2024-09-23,ATM WITHDRAWAL,TAKEALOT ONLINE 5165738,-1043.23,2161670.35,shopping
2024-09-23,ONLINE PAYMENT,BANK INTEREST,22107.25,3578270.29,income
2024-09-23,CARD PURCHASE,GAME *6962,-408.11,1659565.62,shopping
2024-09-23,ONLINE PAYMENT,BOLT *6655938,-423.22,2932523.18,transport
2024-09-23,POS,SPOTIFY *78988981,-1321.37,975283.35,entertainment
2024-09-23,ATM WITHDRAWAL,KFC STORE 46382710,-485.1,3432395.68,restaurants
2024-09-24,EFT,CITY OF CAPE TOWN CPT 81741,-1914.95,3358925.46,utilities
2024-09-24,POS,CITY OF CAPE TOWN CPT 67196948,-1274.17,1056805.74,utilities
2024-09-24,EFT,TAKEALOT 9198 ZA,-1544.78,994809.15,shopping
2024-09-24,ATM WITHDRAWAL,NANDOS CPT 6082872,-1623.23,3447503.76,restaurants
2024-09-24,ONLINE PAYMENT,TELKOM ONLINE 3871839,-1227.63,2721835.34,utilities
2024-09-24,EFT,TAKEALOT CPT 92122,-1661.38,472058.51,shopping
2024-09-24,CARD PURCHASE,CHECKERS CPT 896303,-763.82,598127.82,groceries
2024-09-24,ATM WITHDRAWAL,BP *31457,-1586.03,2841822.53,transport
2024-09-24,ONLINE PAYMENT,SPAR ONLINE 87845,-230.57,3152416.51,groceries
2024-09-25,DEBIT ORDER,MTN ONLINE 41378603,-1285.15,1970653.09,utilities
2024-09-25,POS,SPAR *063182,-405.65,1536614.57,groceries
2024-09-25,DEBIT ORDER,MTN CPT 387968,-29.06,1557307.6,utilities
2024-09-26,DEBIT ORDER,GAME 3145490 ZA,-1374.13,1642319.54,shopping
2024-09-26,ATM WITHDRAWAL,BP *465310,-601.95,1718647.55,transport
2024-09-26,DEBIT ORDER,TELKOM *09646387,-1542.95,46409.56,utilities
2024-09-26,ONLINE PAYMENT,SALARY ACME LTD,29013.97,235835.41,income
2024-09-26,ATM WITHDRAWAL,MCDONALDS *2403,-377.53,484634.64,restaurants
2024-09-26,DEBIT ORDER,SPAR *56998,-393.93,2003181.32,groceries
2024-09-26,EFT,PICK N PAY *13411,-1032.53,3153881.85,groceries
2024-09-26,POS,BP 64813925 ZA,-832.74,3426468.25,transport
2024-09-27,POS,SALARY ACME LTD,22895.29,460408.43,income
2024-09-27,ONLINE PAYMENT,GAME ONLINE 172497,-1021.87,3433511.0,shopping
2024-09-27,DEBIT ORDER,STEAM ONLINE 4447568,-1197.83,1838012.79,entertainment
2024-09-27,CARD PURCHASE,BP CPT 4177,-315.21,909586.68,transport
2024-09-28,DEBIT ORDER,WOOLWORTHS CPT 09908846,-1932.7,1214287.41,groceries
2024-09-28,EFT,CHECKERS 21297563 ZA,-193.71,1466487.62,groceries
2024-09-28,POS,GAME 4266 ZA,-822.26,959721.63,shopping
2024-09-28,ONLINE PAYMENT,WOOLWORTHS STORE 13026,-539.04,1212231.41,groceries
2024-09-29,EFT,STEAM *4816224,-1863.25,3021619.92,entertainment
2024-09-29,ONLINE PAYMENT,BANK INTEREST,22039.07,1034772.05,income
2024-09-29,ATM WITHDRAWAL,NANDOS CPT 090599,-1646.38,693427.43,restaurants
2024-09-29,ATM WITHDRAWAL,WOOLWORTHS *2098630,-1117.13,1199387.19,groceries
2024-09-29,ATM WITHDRAWAL,BOLT CPT 62493523,-258.4,3333877.26,transport
2024-09-30,ATM WITHDRAWAL,SALARY ACME LTD,26507.36,738790.86,income
2024-09-30,CARD PURCHASE,STEERS CPT 105883,-1181.56,1649962.95,restaurants
2024-09-30,ATM WITHDRAWAL,MTN *6606,-116.2,249153.02,utilities
2024-09-30,ATM WITHDRAWAL,WOOLWORTHS 35768555 ZA,-823.97,1716365.87,groceries
2024-10-01,ONLINE PAYMENT,SALARY ACME LTD,14768.29,214399.13,income
2024-10-01,ONLINE PAYMENT,STEAM 491323 ZA,-1495.81,1363201.36,entertainment
2024-10-01,CARD PURCHASE,NANDOS STORE 28885,-854.07,3118123.73,restaurants
2024-10-01,ATM WITHDRAWAL,BP ONLINE 41875,-1360.26,3349636.73,transport
2024-10-01,CARD PURCHASE,UBER ONLINE 4992187,-1045.63,692533.68,transport
2024-10-01,DEBIT ORDER,MAKRO 2229884 ZA,-1161.67,2304212.3,shopping
2024-10-01,ONLINE PAYMENT,VODACOM CPT 57779476,-677.99,1139696.64,utilities
2024-10-02,DEBIT ORDER,SALARY ACME LTD,29033.8,565275.23,income
2024-10-02,DEBIT ORDER,STEAM 318626 ZA,-1575.92,2743537.97,entertainment
2024-10-02,ONLINE PAYMENT,PICK N PAY STORE 71813,-1747.2,2772593.7,groceries
2024-10-02,CARD PURCHASE,SPOTIFY *9984,-1947.69,458460.74,entertainment
2024-10-02,ONLINE PAYMENT,UBER STORE 42708030,-94.01,464148.96,transport
2024-10-02,EFT,VODACOM STORE 89985699,-1298.06,1930829.79,utilities
2024-10-02,DEBIT ORDER,BOLT CPT 2385820,-1941.55,3345330.54,transport
2024-10-02,ATM WITHDRAWAL,CITY OF CAPE TOWN ONLINE 4509710,-430.11,1686085.02,utilities
2024-10-03,EFT,MCDONALDS *801813,-1648.2,1443873.36,restaurants
2024-10-03,ATM WITHDRAWAL,SALARY ACME LTD,8768.25,2016728.37,income
2024-10-03,ONLINE PAYMENT,NETFLIX *5301918,-467.17,981783.43,entertainment
2024-10-03,POS,BANK INTEREST,13005.09,1067601.37,income
2024-10-03,ONLINE PAYMENT,DSTV 61884770 ZA,-1512.51,3122867.34,entertainment
2024-10-03,CARD PURCHASE,TAKEALOT STORE 344850,-449.14,1540071.86,shopping
2024-10-03,CARD PURCHASE,SPOTIFY CPT 80464363,-594.33,684508.77,entertainment
2024-10-03,ONLINE PAYMENT,SALARY ACME LTD,28866.51,806342.18,income
2024-10-04,ONLINE PAYMENT,BANK INTEREST,6672.02,1145156.46,income
2024-10-04,EFT,PICK N PAY 24166342 ZA,-806.06,2991836.48,groceries
2024-10-04,CARD PURCHASE,NETFLIX ONLINE 193198,-1870.47,101476.58,entertainment
2024-10-04,ATM WITHDRAWAL,WOOLWORTHS ONLINE 39797,-1839.57,751223.6,groceries
2024-10-04,ONLINE PAYMENT,WOOLWORTHS CPT 93723,-1261.18,1120505.23,groceries
2024-10-04,EFT,FREELANCE CLIENT,8534.33,1824414.9,income
2024-10-05,POS,PICK N PAY 7622192 ZA,-999.96,737667.66,groceries
2024-10-05,DEBIT ORDER,SHELL CPT 8204,-370.64,2019250.53,transport
2024-10-05,DEBIT ORDER,NANDOS ONLINE 85718486,-74.28,1646824.42,restaurants
2024-10-05,DEBIT ORDER,SALARY ACME LTD,26591.06,3214746.2,income
2024-10-05,EFT,CHECKERS CPT 4914084,-1991.91,996353.93,groceries
2024-10-05,CARD PURCHASE,SALARY ACME LTD,24569.24,2693345.21,income
2024-10-05,POS,CITY OF CAPE TOWN *1604486,-1555.45,1654741.51,utilities
2024-10-05,EFT,VODACOM STORE 202504,-1350.72,2708984.43,utilities
2024-10-05,EFT,WOOLWORTHS *62824,-1176.45,1838469.14,groceries
2024-10-06,DEBIT ORDER,BOLT 605314 ZA,-429.5,3372142.67,transport
2024-10-06,EFT,CHECKERS STORE 6278,-514.46,2684988.53,groceries
2024-10-06,ATM WITHDRAWAL,SALARY ACME LTD,28363.41,1061764.43,income
2024-10-06,CARD PURCHASE,MCDONALDS ONLINE 56979075,-550.19,2149959.56,restaurants
2024-10-06,ONLINE PAYMENT,VODACOM CPT 36097,-508.89,1539339.61,utilities
2024-10-07,DEBIT ORDER,SPAR ONLINE 5178157,-364.66,2812576.34,groceries
2024-10-07,POS,CITY OF CAPE TOWN *2569,-363.07,1091080.72,utilities
2024-10-07,POS,VODACOM CPT 9195,-143.04,1757150.64,utilities
2024-10-07,ONLINE PAYMENT,KFC CPT 53089,-1935.99,1124707.69,restaurants
2024-10-07,DEBIT ORDER,NETFLIX CPT 621089,-970.46,1232813.37,entertainment
2024-10-08,POS,FREELANCE CLIENT,18296.47,3029122.01,income
2024-10-08,CARD PURCHASE,DSTV STORE 88419226,-1265.2,823289.77,entertainment
2024-10-08,EFT,BP 955504 ZA,-523.1,359132.18,transport
2024-10-08,DEBIT ORDER,KFC 3566959 ZA,-1328.66,2833594.19,restaurants
2024-10-08,CARD PURCHASE,DSTV 94619 ZA,-920.56,53704.08,entertainment
2024-10-08,ATM WITHDRAWAL,CITY OF CAPE TOWN ONLINE 85709431,-1958.23,1742960.89,utilities
2024-10-08,POS,WOOLWORTHS *4904471,-1514.8,1820228.2,groceries
2024-10-08,CARD PURCHASE,SPOTIFY STORE 997537,-367.07,1523809.34,entertainment
2024-10-08,DEBIT ORDER,PICK N PAY 89664 ZA,-202.91,1139946.16,groceries
2024-10-09,ONLINE PAYMENT,NETFLIX ONLINE 9376220,-1194.05,2750042.52,entertainment
2024-10-09,ATM WITHDRAWAL,VODACOM *789410,-1940.91,2677111.73,utilities
2024-10-09,ATM WITHDRAWAL,NANDOS CPT 9631265,-108.16,2345318.52,restaurants
2024-10-09,ONLINE PAYMENT,MCDONALDS CPT 8440178,-252.1,2010460.48,restaurants
2024-10-09,DEBIT ORDER,NETFLIX *9343412,-674.09,2771919.61,entertainment
2024-10-09,POS,STEAM 31878 ZA,-987.88,802971.6,entertainment
2024-10-09,DEBIT ORDER,TAKEALOT *6441489,-123.24,738667.62,shopping
2024-10-10,DEBIT ORDER,DSTV *72898,-289.48,1821221.01,entertainment
2024-10-10,ONLINE PAYMENT,WOOLWORTHS CPT 3470528,-23.26,2723452.87,groceries
2024-10-10,POS,GAME ONLINE 62102,-399.84,43023.85,shopping
2024-10-10,POS,FREELANCE CLIENT,26295.01,2307641.72,income
2024-10-10,EFT,GAME 09679 ZA,-1978.3,2691366.91,shopping
2024-10-11,ATM WITHDRAWAL,BP STORE 64083220,-87.75,1591511.0,transport
2024-10-11,ONLINE PAYMENT,FREELANCE CLIENT,19430.49,826262.44,income
2024-10-11,ATM WITHDRAWAL,UBER STORE 5936831,-1962.26,3123445.09,transport
2024-10-12,POS,SPAR 044046 ZA,-1764.63,2938728.63,groceries
2024-10-12,POS,SPOTIFY *3672142,-460.67,3153421.18,entertainment
2024-10-12,POS,CITY OF CAPE TOWN STORE 5894224,-814.96,2344446.36,utilities
2024-10-12,CARD PURCHASE,TAKEALOT CPT 4167610,-1499.39,3118876.69,shopping
2024-10-12,ATM WITHDRAWAL,TAKEALOT CPT 25485270,-706.4,2805293.84,shopping
2024-10-12,ATM WITHDRAWAL,SPAR ONLINE 442419,-432.92,754187.45,groceries
2024-10-12,EFT,WOOLWORTHS CPT 6619150,-1231.77,467278.35,groceries
2024-10-13,DEBIT ORDER,SPAR *658227,-501.01,2639588.54,groceries
2024-10-13,CARD PURCHASE,BP CPT 8153,-1348.92,1616277.3,transport
2024-10-13,ONLINE PAYMENT,DSTV 6104187 ZA,-1864.72,2322639.29,entertainment
2024-10-13,EFT,TAKEALOT CPT 69398994,-1300.52,2594868.18,shopping
2024-10-13,DEBIT ORDER,UBER *78018720,-801.32,934318.3,transport
2024-10-14,ATM WITHDRAWAL,BP 7244 ZA,-1289.85,2081460.7,transport
2024-10-14,POS,GAME *993095,-1285.19,2812681.56,shopping
2024-10-14,DEBIT ORDER,NETFLIX CPT 803631,-1725.91,2810955.65,entertainment
2024-10-14,DEBIT ORDER,UBER *091140,-84.39,3456166.55,transport
2024-10-14,POS,MCDONALDS CPT 344386,-423.21,3371908.91,restaurants
2024-10-14,DEBIT ORDER,STEAM CPT 5354,-182.43,3423009.04,entertainment
2024-10-15,ATM WITHDRAWAL,DSTV CPT 0353,-1886.36,2836464.12,entertainment
2024-10-15,EFT,FREELANCE CLIENT,19641.94,485012.17,income
2024-10-15,ONLINE PAYMENT,VODACOM *1372,-738.45,2163698.42,utilities
2024-10-15,DEBIT ORDER,MCDONALDS STORE 86719,-110.45,691702.18,restaurants
2024-10-15,DEBIT ORDER,SPOTIFY STORE 31150,-1715.17,3307808.59,entertainment
2024-10-15,CARD PURCHASE,PICK N PAY ONLINE 2452,-48.31,1988461.76,groceries
2024-10-15,EFT,DSTV CPT 4683263,-114.6,1643796.3,entertainment
2024-10-15,CARD PURCHASE,DSTV *160529,-1292.78,749930.82,entertainment
2024-10-16,ATM WITHDRAWAL,SHELL ONLINE 491438,-1730.62,2165871.94,transport
2024-10-16,DEBIT ORDER,NANDOS CPT 38112,-1739.32,439736.71,restaurants
2024-10-16,CARD PURCHASE,SPAR *6769,-1154.33,2965488.13,groceries
2024-10-16,POS,MAKRO 2111137 ZA,-1583.62,2826293.75,shopping
2024-10-16,ONLINE PAYMENT,UBER 356465 ZA,-131.11,3558086.61,transport
2024-10-16,DEBIT ORDER,UBER 4995674 ZA,-1597.4,3189625.94,transport
2024-10-16,ONLINE PAYMENT,WOOLWORTHS ONLINE 6674805,-1943.86,3429363.24,groceries
2024-10-17,POS,MTN STORE 50333,-1798.6,445829.5,utilities
2024-10-17,CARD PURCHASE,CITY OF CAPE TOWN 6013 ZA,-286.61,2349386.82,utilities
2024-10-18,ATM WITHDRAWAL,NETFLIX *088450,-690.89,3445179.8,entertainment
2024-10-18,EFT,STEAM STORE 8025,-986.26,3114345.08,entertainment
2024-10-18,ATM WITHDRAWAL,BP CPT 72090747,-1343.01,58750.47,transport
2024-10-18,CARD PURCHASE,BANK INTEREST,14003.34,1996055.86,income
2024-10-18,CARD PURCHASE,MTN 1913 ZA,-1931.21,1652810.3,utilities
2024-10-18,DEBIT ORDER,TAKEALOT *919582,-158.28,3556163.04,shopping
2024-10-18,ATM WITHDRAWAL,BP 09324292 ZA,-1546.4,2254428.33,transport
2024-10-18,CARD PURCHASE,SHELL ONLINE 87850574,-1686.88,1509430.28,transport
2024-10-18,POS,TAKEALOT *72642391,-362.8,1213432.55,shopping
2024-10-18,DEBIT ORDER,TELKOM STORE 00862,-1937.89,2968095.04,utilities
2024-10-19,ONLINE PAYMENT,WOOLWORTHS 43105 ZA,-1870.36,1129906.93,groceries
2024-10-19,ONLINE PAYMENT,DSTV ONLINE 77728,-1174.33,1819591.66,entertainment
2024-10-19,DEBIT ORDER,SALARY ACME LTD,26336.42,2974261.7,income
2024-10-19,DEBIT ORDER,CHECKERS STORE 752891,-953.81,3456618.82,groceries
2024-10-19,DEBIT ORDER,TAKEALOT 9492542 ZA,-1995.11,2228862.78,shopping
2024-10-20,EFT,FREELANCE CLIENT,20198.12,1799530.57,income
2024-10-20,POS,SPAR ONLINE 50497609,-1147.63,3130300.96,groceries
2024-10-20,ONLINE PAYMENT,BP 8393651 ZA,-951.25,2671347.95,transport
2024-10-20,ATM WITHDRAWAL,FREELANCE CLIENT,10550.46,3559179.3,income
2024-10-20,CARD PURCHASE,MCDONALDS CPT 29438,-550.42,150454.98,restaurants
2024-10-20,EFT,TAKEALOT 2689 ZA,-855.07,691445.64,shopping
2024-10-21,ATM WITHDRAWAL,SALARY ACME LTD,26743.48,1823978.7,income
2024-10-22,DEBIT ORDER,WOOLWORTHS CPT 802577,-708.04,2720685.74,groceries
2024-10-22,CARD PURCHASE,CHECKERS ONLINE 022889,-1618.89,3366237.38,groceries
2024-10-22,DEBIT ORDER,SALARY ACME LTD,8221.76,695621.58,income
2024-10-22,POS,SALARY ACME LTD,20243.87,1218135.58,income
2024-10-22,EFT,VODACOM CPT 36819851,-1209.2,1758218.73,utilities
2024-10-22,EFT,NETFLIX CPT 933787,-666.75,1087910.94,entertainment
2024-10-24,EFT,VODACOM CPT 613406,-1299.04,3430269.2,utilities
2024-10-24,CARD PURCHASE,CITY OF CAPE TOWN CPT 7732027,-1020.75,210523.64,utilities
2024-10-24,DEBIT ORDER,TAKEALOT 93724 ZA,-1352.94,3449426.15,shopping
2024-10-24,EFT,CITY OF CAPE TOWN 9874 ZA,-1641.18,1954028.73,utilities
2024-10-24,POS,GAME CPT 8424689,-432.68,3380799.57,shopping
2024-10-25,POS,BOLT *1684,-1248.69,3220195.97,transport
2024-10-25,ONLINE PAYMENT,GAME CPT 89249959,-1809.3,3362719.8,shopping
2024-10-25,CARD PURCHASE,CHECKERS ONLINE 08040006,-441.56,2721393.78,groceries
2024-10-25,EFT,TAKEALOT STORE 228485,-1989.61,250787.3,shopping
2024-10-26,CARD PURCHASE,PICK N PAY ONLINE 856712,-1548.24,3218647.73,groceries
2024-10-26,DEBIT ORDER,CHECKERS *418792,-1310.41,2523032.42,groceries
2024-10-26,POS,GAME CPT 2767660,-483.79,1822938.96,shopping
2024-10-27,POS,CITY OF CAPE TOWN ONLINE 8580075,-1330.3,2699561.5,utilities
2024-10-27,DEBIT ORDER,FREELANCE CLIENT,24397.12,2723476.13,income
2024-10-27,POS,CHECKERS CPT 7197590,-1509.46,127803.47,groceries
2024-10-27,POS,SPOTIFY ONLINE 72842,-384.69,1516756.43,entertainment
2024-10-27,CARD PURCHASE,STEAM *012171,-257.6,3119501.24,entertainment
2024-10-27,DEBIT ORDER,KFC 98481 ZA,-53.92,3462582.06,restaurants
2024-10-27,CARD PURCHASE,MCDONALDS 33017625 ZA,-47.82,3245395.42,restaurants
2024-10-27,CARD PURCHASE,DSTV *119796,-686.39,235149.02,entertainment
2024-10-28,DEBIT ORDER,STEERS 90013 ZA,-1929.78,1058079.91,restaurants
2024-10-28,ATM WITHDRAWAL,GAME CPT 97102,-1482.13,296251.21,shopping
2024-10-28,ONLINE PAYMENT,STEERS 0336416 ZA,-1730.41,2468037.11,restaurants
2024-10-29,ATM WITHDRAWAL,AMAZON 194700 ZA,-351.42,799859.33,shopping
2024-10-29,ONLINE PAYMENT,AMAZON ONLINE 11559,-1788.51,1515830.74,shopping
2024-10-29,DEBIT ORDER,MCDONALDS 64940587 ZA,-1303.7,2672299.2,restaurants
2024-10-31,ONLINE PAYMENT,CHECKERS CPT 8303937,-1655.62,2713781.9,groceries
2024-10-31,EFT,TAKEALOT *37938491,-614.78,384160.03,shopping
2024-10-31,ONLINE PAYMENT,AMAZON STORE 49380,-397.33,3364339.28,shopping
2024-10-31,ATM WITHDRAWAL,MAKRO ONLINE 9732739,-407.19,155770.87,shopping
2024-11-01,CARD PURCHASE,SPAR *210892,-232.01,693579.31,groceries
2024-11-01,ONLINE PAYMENT,NANDOS CPT 5258168,-1462.23,2251776.2,restaurants
2024-11-01,ONLINE PAYMENT,SALARY ACME LTD,5122.13,2509862.73,income
2024-11-01,DEBIT ORDER,DSTV ONLINE 55362,-1280.81,2742257.16,entertainment
2024-11-01,CARD PURCHASE,MTN CPT 342053,-180.0,3135522.57,utilities
2024-11-02,POS,UBER STORE 591457,-1178.84,3355285.08,transport
2024-11-02,ONLINE PAYMENT,TAKEALOT CPT 29445744,-1223.02,1835208.24,shopping
2024-11-02,EFT,CITY OF CAPE TOWN *5597,-821.75,3419081.52,utilities
2024-11-03,EFT,CITY OF CAPE TOWN *4571,-1174.3,3124530.78,utilities
2024-11-03,DEBIT ORDER,DSTV 5294325 ZA,-1410.71,2599168.37,entertainment
2024-11-04,CARD PURCHASE,WOOLWORTHS STORE 894778,-760.89,3132129.66,groceries
2024-11-04,POS,NANDOS STORE 695256,-889.23,2956628.59,restaurants
2024-11-04,POS,BOLT ONLINE 5800998,-943.67,3428419.57,transport
2024-11-04,DEBIT ORDER,SPAR CPT 43734242,-1141.55,1550037.61,groceries
2024-11-04,EFT,DSTV CPT 02351,-1630.59,468510.12,entertainment
2024-11-04,POS,TELKOM *5298268,-1843.22,820452.59,utilities
2024-11-04,CARD PURCHASE,TELKOM 1940 ZA,-1622.89,2019563.16,utilities
2024-11-04,ONLINE PAYMENT,UBER 1512 ZA,-876.32,1491335.7,transport
2024-11-05,DEBIT ORDER,AMAZON STORE 26193,-742.48,2174797.85,shopping
2024-11-05,POS,STEERS *30642,-223.39,1918434.72,restaurants
2024-11-05,POS,WOOLWORTHS STORE 0444,-1822.06,433732.34,groceries
2024-11-05,DEBIT ORDER,GAME STORE 881693,-1277.52,2812941.0,shopping
2024-11-06,ONLINE PAYMENT,BP ONLINE 0584540,-843.37,103347.05,transport
2024-11-06,CARD PURCHASE,UBER 8867 ZA,-370.93,600124.7,transport
2024-11-06,CARD PURCHASE,NETFLIX ONLINE 71792848,-1987.76,3012261.83,entertainment
2024-11-06,ATM WITHDRAWAL,SPAR CPT 0687037,-394.62,1955669.91,groceries
2024-11-06,POS,STEAM CPT 30088197,-330.41,3428827.33,entertainment
2024-11-06,ATM WITHDRAWAL,MCDONALDS *812638,-969.67,3128582.27,restaurants
2024-11-06,EFT,BP ONLINE 27883904,-1008.29,806831.95,transport
2024-11-06,EFT,WOOLWORTHS CPT 6013,-1353.41,1088577.69,groceries
2024-11-06,DEBIT ORDER,VODACOM 0864026 ZA,-331.07,257614.93,utilities
2024-11-06,ATM WITHDRAWAL,NANDOS CPT 297869,-1740.28,3370224.22,restaurants
2024-11-06,DEBIT ORDER,NANDOS 3462 ZA,-1773.43,3135427.47,restaurants
2024-11-07,ATM WITHDRAWAL,MCDONALDS CPT 0597468,-530.49,1649432.46,restaurants
2024-11-07,DEBIT ORDER,TAKEALOT 3883 ZA,-28.47,563617.73,shopping
2024-11-07,DEBIT ORDER,FREELANCE CLIENT,16007.96,1730654.06,income
2024-11-07,POS,MAKRO STORE 58111672,-858.65,1751742.4,shopping
2024-11-07,EFT,SALARY ACME LTD,5406.06,1588929.92,income
2024-11-07,POS,TAKEALOT CPT 0639,-1940.11,1528879.9,shopping
2024-11-07,ONLINE PAYMENT,TELKOM ONLINE 1413718,-1381.91,1992905.68,utilities
2024-11-07,EFT,TELKOM STORE 1292,-1221.62,2300602.01,utilities
2024-11-07,CARD PURCHASE,MAKRO STORE 06241803,-1654.63,3452032.94,shopping
2024-11-07,DEBIT ORDER,MTN CPT 86769,-1635.35,3437489.76,utilities
2024-11-07,ONLINE PAYMENT,BANK INTEREST,20419.77,3384032.91,income
2024-11-08,ATM WITHDRAWAL,FREELANCE CLIENT,25052.63,3016889.11,income
2024-11-08,EFT,BOLT ONLINE 2673,-918.7,3115331.34,transport
2024-11-08,EFT,SALARY ACME LTD,8928.32,754743.42,income
2024-11-08,ATM WITHDRAWAL,DSTV *32902,-1547.66,3159971.6,entertainment
2024-11-08,ONLINE PAYMENT,VODACOM ONLINE 5105312,-1238.99,2349662.57,utilities
2024-11-08,POS,CITY OF CAPE TOWN 9804445 ZA,-1937.4,1822041.3,utilities
2024-11-08,DEBIT ORDER,TELKOM *5796,-118.03,1986822.88,utilities
2024-11-08,ATM WITHDRAWAL,BANK INTEREST,18838.52,1013647.67,income
2024-11-09,CARD PURCHASE,STEAM CPT 899773,-1953.19,3352148.93,entertainment
2024-11-09,DEBIT ORDER,STEERS STORE 12551772,-710.39,1185548.45,restaurants
2024-11-09,CARD PURCHASE,STEAM STORE 173637,-925.05,1757293.68,entertainment
2024-11-09,CARD PURCHASE,DSTV ONLINE 9827,-798.79,709558.11,entertainment
2024-11-10,ONLINE PAYMENT,STEERS 650342 ZA,-1267.6,1840000.82,restaurants
2024-11-10,ONLINE PAYMENT,FREELANCE CLIENT,27904.13,1186258.84,income
2024-11-10,EFT,STEAM STORE 21395111,-233.28,2916401.9,entertainment
2024-11-10,EFT,UBER ONLINE 72809666,-620.29,562997.44,transport
2024-11-11,ATM WITHDRAWAL,STEERS 36849786 ZA,-161.93,874624.87,restaurants
2024-11-11,EFT,BP *71910518,-101.05,2810337.12,transport
2024-11-11,EFT,VODACOM STORE 20671,-1499.05,1399527.82,utilities
2024-11-12,ATM WITHDRAWAL,BP CPT 29730744,-594.63,1546590.06,transport
2024-11-12,CARD PURCHASE,FREELANCE CLIENT,16717.32,3548628.84,income
2024-11-12,ATM WITHDRAWAL,SALARY ACME LTD,13400.68,1568098.81,income
2024-11-12,EFT,NANDOS STORE 89711,-79.97,85313.47,restaurants
2024-11-12,ONLINE PAYMENT,AMAZON 3080 ZA,-1120.26,1202299.21,shopping
2024-11-12,ONLINE PAYMENT,SALARY ACME LTD,8899.89,303550.31,income
2024-11-12,DEBIT ORDER,DSTV *9650945,-1323.87,3124379.85,entertainment
2024-11-12,ATM WITHDRAWAL,TELKOM STORE 6384,-482.49,2699079.01,utilities
2024-11-13,DEBIT ORDER,CITY OF CAPE TOWN 52570 ZA,-913.97,1532252.26,utilities
2024-11-13,DEBIT ORDER,BANK INTEREST,11611.41,1917458.57,income
2024-11-13,ONLINE PAYMENT,DSTV 923119 ZA,-1203.28,3340484.16,entertainment
2024-11-13,EFT,STEERS 19893670 ZA,-1483.5,2729253.69,restaurants
2024-11-14,CARD PURCHASE,STEAM 5343576 ZA,-1511.35,3534886.55,entertainment
2024-11-14,CARD PURCHASE,MTN STORE 67518766,-337.42,759779.59,utilities
2024-11-14,POS,FREELANCE CLIENT,27977.92,1120068.86,income
2024-11-14,POS,VODACOM STORE 7963417,-167.02,3131448.59,utilities
2024-11-14,ONLINE PAYMENT,TELKOM CPT 83819,-937.19,1820765.99,utilities
2024-11-15,CARD PURCHASE,BANK INTEREST,27725.36,2075060.48,income
2024-11-15,EFT,WOOLWORTHS 465905 ZA,-1182.96,3354102.12,groceries
2024-11-15,CARD PURCHASE,BP CPT 4775,-1072.66,2967022.38,transport
2024-11-16,CARD PURCHASE,MCDONALDS *84157,-437.35,294970.32,restaurants
2024-11-16,DEBIT ORDER,WOOLWORTHS *40926,-52.24,175650.37,groceries
2024-11-16,CARD PURCHASE,KFC *6209987,-492.35,2809844.77,restaurants
2024-11-16,POS,MAKRO ONLINE 5592,-642.84,1918658.11,shopping
2024-11-16,ATM WITHDRAWAL,SPAR CPT 893052,-389.9,2723062.97,groceries
2024-11-16,DEBIT ORDER,BP ONLINE 27549,-988.33,1817606.06,transport
2024-11-16,EFT,BP ONLINE 086720,-1562.58,1511117.16,transport
2024-11-16,EFT,PICK N PAY 32062991 ZA,-523.49,1524384.05,groceries
2024-11-16,DEBIT ORDER,SALARY ACME LTD,19473.36,581526.96,income
2024-11-17,ATM WITHDRAWAL,NETFLIX 5867721 ZA,-952.8,799195.1,entertainment
2024-11-17,EFT,SHELL CPT 8122155,-656.25,1331106.41,transport
2024-11-17,ATM WITHDRAWAL,KFC ONLINE 4160,-1060.07,2992642.54,restaurants
2024-11-17,EFT,SPAR CPT 987828,-1559.71,795959.52,groceries
2024-11-17,ONLINE PAYMENT,NETFLIX CPT 478638,-1796.08,3328340.56,entertainment
2024-11-17,DEBIT ORDER,NANDOS *998875,-167.33,3023483.17,restaurants
2024-11-17,ATM WITHDRAWAL,CHECKERS *965945,-1509.95,2669838.0,groceries
2024-11-17,ATM WITHDRAWAL,SPAR STORE 32339,-258.92,3019572.48,groceries
2024-11-17,ONLINE PAYMENT,SHELL CPT 129677,-1534.13,2521498.29,transport
2024-11-18,ATM WITHDRAWAL,STEAM *3792,-1904.6,1464583.02,entertainment
2024-11-18,EFT,CHECKERS CPT 9053792,-1211.63,680356.13,groceries
2024-11-18,ONLINE PAYMENT,CHECKERS STORE 8085189,-1299.48,3460151.24,groceries
2024-11-18,POS,TAKEALOT STORE 056088,-1660.06,2683328.47,shopping
2024-11-18,CARD PURCHASE,PICK N PAY 6516 ZA,-1826.49,1693815.42,groceries
2024-11-18,DEBIT ORDER,SPOTIFY 8336 ZA,-1538.15,1750204.25,entertainment
2024-11-18,EFT,BANK INTEREST,16113.11,3368262.04,income
2024-11-19,DEBIT ORDER,TELKOM STORE 87014,-424.91,1544483.79,utilities
2024-11-19,CARD PURCHASE,MTN CPT 4673592,-1955.52,2350901.56,utilities
2024-11-19,ATM WITHDRAWAL,GAME ONLINE 9266243,-1944.99,677336.85,shopping
2024-11-19,POS,WOOLWORTHS 94919371 ZA,-866.9,1204047.93,groceries
2024-11-19,EFT,PICK N PAY 2683 ZA,-789.36,605071.58,groceries
2024-11-20,ATM WITHDRAWAL,SHELL *15020112,-1943.9,2950805.92,transport
2024-11-20,EFT,KFC 74688642 ZA,-1119.46,1651144.51,restaurants
2024-11-20,POS,SALARY ACME LTD,6317.45,2639403.76,income
2024-11-20,CARD PURCHASE,KFC *8623,-898.58,3262634.7,restaurants
2024-11-20,ONLINE PAYMENT,PICK N PAY ONLINE 54730,-911.72,1215793.72,groceries
2024-11-20,DEBIT ORDER,MCDONALDS ONLINE 6090078,-1016.66,687399.82,restaurants
2024-11-20,EFT,TELKOM 71513894 ZA,-434.22,1213536.88,utilities
2024-11-20,ONLINE PAYMENT,BANK INTEREST,21889.34,2349977.72,income
2024-11-21,ATM WITHDRAWAL,BP CPT 210490,-607.5,808558.97,transport
2024-11-21,DEBIT ORDER,CITY OF CAPE TOWN STORE 30468818,-314.89,2450179.1,utilities
2024-11-21,ATM WITHDRAWAL,PICK N PAY STORE 2537737,-1295.78,1984620.04,groceries
2024-11-21,DEBIT ORDER,STEAM 89162484 ZA,-968.68,795833.82,entertainment
2024-11-22,ATM WITHDRAWAL,SPAR *4054023,-1825.96,2827877.37,groceries
2024-11-22,POS,FREELANCE CLIENT,15289.65,1247198.99,income
2024-11-22,POS,TAKEALOT ONLINE 15951,-521.31,1907782.99,shopping
2024-11-22,EFT,BP STORE 3392798,-449.36,1990521.06,transport
2024-11-23,ONLINE PAYMENT,NANDOS *568503,-1645.84,2087743.06,restaurants
2024-11-23,CARD PURCHASE,SHELL 51193 ZA,-1771.84,1093205.17,transport
2024-11-23,ATM WITHDRAWAL,DSTV CPT 60349,-1884.8,2253238.43,entertainment
2024-11-23,DEBIT ORDER,MAKRO *1719,-1545.36,3156448.83,shopping
2024-11-24,ATM WITHDRAWAL,AMAZON CPT 03043,-371.76,2847443.62,shopping
2024-11-24,EFT,MCDONALDS 45095 ZA,-1502.1,2571060.46,restaurants
2024-11-24,ONLINE PAYMENT,MTN 5511 ZA,-414.24,915282.3,utilities
2024-11-24,CARD PURCHASE,SALARY ACME LTD,19091.55,1492212.02,income
2024-11-24,DEBIT ORDER,SHELL STORE 787067,-1142.88,3374567.13,transport
2024-11-25,EFT,WOOLWORTHS STORE 81259725,-466.53,822823.24,groceries
2024-11-25,POS,SPAR CPT 3665012,-1371.03,1033401.02,groceries
2024-11-25,ATM WITHDRAWAL,BOLT ONLINE 6817,-1192.26,1524176.41,transport
2024-11-25,ONLINE PAYMENT,SPOTIFY *223140,-1335.3,1946520.71,entertainment
2024-11-25,DEBIT ORDER,WOOLWORTHS *3075,-1681.08,1141986.76,groceries
2024-11-25,EFT,BOLT 2572452 ZA,-1931.94,2930591.24,transport
2024-11-26,POS,FREELANCE CLIENT,11411.17,473964.74,income
2024-11-26,POS,PICK N PAY STORE 95012230,-1408.63,361507.23,groceries
2024-11-26,CARD PURCHASE,BOLT CPT 3574761,-1261.29,1055544.45,transport
2024-11-26,EFT,TELKOM *54054577,-331.42,834277.24,utilities
2024-11-26,EFT,STEERS ONLINE 2510625,-68.4,1948691.45,restaurants
2024-11-26,DEBIT ORDER,BANK INTEREST,7082.05,1677948.21,income
2024-11-27,ONLINE PAYMENT,NETFLIX STORE 097494,-1799.42,2847321.86,entertainment
2024-11-27,POS,BP *74654,-1941.09,1953247.56,transport
2024-11-27,ONLINE PAYMENT,KFC ONLINE 5799162,-1007.81,208014.63,restaurants
2024-11-27,POS,NETFLIX *8313,-586.5,50003.53,entertainment
2024-11-28,DEBIT ORDER,NETFLIX CPT 3075,-720.42,3421230.06,entertainment
2024-11-28,ONLINE PAYMENT,SHELL CPT 8207791,-1529.13,2954736.57,transport
2024-11-28,ATM WITHDRAWAL,STEAM STORE 53906,-1323.4,1145194.81,entertainment
2024-11-28,CARD PURCHASE,SPOTIFY CPT 40053906,-1576.25,3443603.55,entertainment
2024-11-28,POS,FREELANCE CLIENT,7826.41,255415.97,income
2024-11-28,ATM WITHDRAWAL,MCDONALDS *5008,-882.91,3460736.32,restaurants
2024-11-29,EFT,SPAR CPT 82481,-1114.93,3382917.98,groceries
2024-11-29,EFT,NANDOS ONLINE 13083,-327.36,1641992.18,restaurants
2024-11-29,ATM WITHDRAWAL,STEAM 5343998 ZA,-732.71,2827137.19,entertainment
2024-11-29,ONLINE PAYMENT,GAME STORE 230515,-949.78,2014235.36,shopping
2024-11-29,DEBIT ORDER,MAKRO 06427 ZA,-537.05,1945246.51,shopping
2024-11-29,POS,SPOTIFY STORE 5542,-728.16,3118962.32,entertainment
2024-11-30,POS,GAME ONLINE 14528369,-844.82,2712937.08,shopping
2024-11-30,ATM WITHDRAWAL,KFC CPT 0452,-1343.49,2970032.93,restaurants
2024-11-30,ATM WITHDRAWAL,NANDOS CPT 833570,-1581.72,753161.7,restaurants
2024-11-30,ONLINE PAYMENT,TAKEALOT STORE 1435,-509.78,1209674.54,shopping
2024-12-01,DEBIT ORDER,SPOTIFY *0627,-1484.4,1527395.5,entertainment
2024-12-01,EFT,STEAM CPT 68765,-1331.03,39291.15,entertainment
2024-12-01,DEBIT ORDER,CHECKERS CPT 90072072,-438.11,2250753.4,groceries
2024-12-01,POS,MAKRO ONLINE 064290,-1698.66,706927.28,shopping
2024-12-01,CARD PURCHASE,NETFLIX ONLINE 0206607,-1046.93,753063.17,entertainment
2024-12-01,ATM WITHDRAWAL,WOOLWORTHS STORE 3003,-1122.19,2838585.86,groceries
2024-12-01,EFT,BOLT CPT 0284869,-30.98,42992.87,transport
2024-12-01,ONLINE PAYMENT,AMAZON 96958 ZA,-1791.82,2727461.87,shopping
2024-12-02,ATM WITHDRAWAL,SPAR ONLINE 62369,-1220.2,276907.46,groceries
2024-12-02,DEBIT ORDER,AMAZON CPT 6783,-1484.41,2688016.92,shopping
2024-12-02,DEBIT ORDER,CHECKERS CPT 32801,-22.16,1513033.99,groceries
2024-12-02,EFT,BP ONLINE 24296,-1469.9,3367856.27,transport
2024-12-03,ATM WITHDRAWAL,FREELANCE CLIENT,16123.01,663785.43,income
2024-12-03,DEBIT ORDER,SPAR *40653679,-1149.27,2804824.97,groceries
2024-12-03,CARD PURCHASE,MTN STORE 184690,-470.39,3412891.11,utilities
2024-12-03,EFT,WOOLWORTHS ONLINE 45394,-1172.75,3077935.73,groceries
2024-12-03,ONLINE PAYMENT,UBER CPT 0575928,-790.2,1839210.62,transport
2024-12-04,CARD PURCHASE,WOOLWORTHS CPT 9697187,-1097.17,2801525.81,groceries
2024-12-04,EFT,MTN STORE 6590946,-540.63,2802622.98,utilities
2024-12-04,ATM WITHDRAWAL,UBER 15328 ZA,-138.56,831501.96,transport
2024-12-04,DEBIT ORDER,SPAR *43922,-822.42,1983797.62,groceries
2024-12-04,CARD PURCHASE,FREELANCE CLIENT,6669.41,2999115.33,income
2024-12-04,ATM WITHDRAWAL,GAME 54540 ZA,-80.46,1096319.62,shopping
2024-12-05,POS,DSTV ONLINE 93769,-768.45,2009692.03,entertainment
2024-12-05,ATM WITHDRAWAL,CHECKERS 3246 ZA,-204.62,1751005.47,groceries
2024-12-05,EFT,MCDONALDS CPT 5329,-1421.78,2996570.72,restaurants
2024-12-05,CARD PURCHASE,CITY OF CAPE TOWN ONLINE 57356,-124.65,3421950.48,utilities
2024-12-05,DEBIT ORDER,STEERS CPT 7963,-473.89,1163087.55,restaurants
2024-12-06,DEBIT ORDER,FREELANCE CLIENT,25805.2,1754502.27,income
2024-12-06,EFT,GAME ONLINE 443605,-1146.4,3341687.44,shopping
2024-12-06,EFT,SALARY ACME LTD,14124.66,3131615.61,income
2024-12-06,EFT,SPOTIFY CPT 93303867,-1270.04,1142033.98,entertainment
2024-12-06,CARD PURCHASE,CHECKERS STORE 6075,-320.6,3336373.3,groceries
2024-12-06,DEBIT ORDER,SHELL CPT 280317,-759.36,2844409.75,transport
2024-12-07,EFT,BANK INTEREST,18097.07,1972125.8,income
2024-12-07,ATM WITHDRAWAL,BANK INTEREST,18118.43,2373140.31,income
2024-12-07,ATM WITHDRAWAL,MTN *83356,-1486.65,3556599.96,utilities
2024-12-07,CARD PURCHASE,PICK N PAY STORE 3677621,-933.62,1995755.34,groceries
2024-12-07,CARD PURCHASE,CHECKERS 2664889 ZA,-1589.39,2318237.64,groceries
2024-12-07,DEBIT ORDER,WOOLWORTHS ONLINE 4188,-1365.91,3342833.84,groceries
2024-12-07,CARD PURCHASE,STEAM CPT 5741,-1402.13,600495.63,entertainment
2024-12-07,CARD PURCHASE,BP STORE 2416532,-1481.15,2795058.48,transport
2024-12-07,ATM WITHDRAWAL,STEERS *9870,-352.47,3158066.93,restaurants
2024-12-08,ONLINE PAYMENT,MCDONALDS *705089,-408.74,3014249.59,restaurants
2024-12-08,ATM WITHDRAWAL,CITY OF CAPE TOWN CPT 33895,-1776.08,3420836.53,utilities
2024-12-08,POS,BP *1267913,-387.29,2382274.98,transport
2024-12-08,EFT,CHECKERS CPT 385471,-1297.24,1840854.38,groceries
2024-12-09,ATM WITHDRAWAL,WOOLWORTHS 045773 ZA,-273.46,3075078.9,groceries
2024-12-09,ATM WITHDRAWAL,GAME CPT 158565,-1919.01,3525688.42,shopping
2024-12-09,EFT,BANK INTEREST,23232.15,258381.17,income
2024-12-09,CARD PURCHASE,STEERS STORE 54160,-833.4,44368.72,restaurants
2024-12-09,POS,BP 37193 ZA,-232.49,2158629.85,transport
2024-12-09,POS,UBER CPT 15863385,-319.28,3336693.9,transport
2024-12-09,ATM WITHDRAWAL,BP *5499530,-1925.08,2839726.73,transport
2024-12-09,ONLINE PAYMENT,BANK INTEREST,16194.03,1101188.96,income
2024-12-10,ATM WITHDRAWAL,NETFLIX CPT 1072463,-1104.15,3331240.89,entertainment
2024-12-10,POS,TELKOM CPT 4792238,-903.99,3458001.72,utilities
2024-12-10,CARD PURCHASE,MAKRO *60145199,-804.81,467138.36,shopping
2024-12-10,DEBIT ORDER,MTN 43981687 ZA,-641.75,1543408.83,utilities
2024-12-10,EFT,AMAZON CPT 695922,-1186.95,3423554.77,shopping
2024-12-11,EFT,NANDOS STORE 3993502,-1789.85,275117.61,restaurants
2024-12-12,CARD PURCHASE,UBER *28315,-1260.84,249269.22,transport
2024-12-12,ATM WITHDRAWAL,VODACOM STORE 56515588,-774.1,3152647.08,utilities
2024-12-12,CARD PURCHASE,AMAZON *04501,-1268.31,2001913.01,shopping
2024-12-12,POS,SALARY ACME LTD,7007.57,1843785.29,income
2024-12-12,DEBIT ORDER,CITY OF CAPE TOWN *8340,-1538.9,1797991.67,utilities
2024-12-12,CARD PURCHASE,MCDONALDS CPT 3921,-1578.19,793627.97,restaurants
2024-12-13,DEBIT ORDER,DSTV ONLINE 81638,-1980.82,648532.21,entertainment
2024-12-13,ONLINE PAYMENT,FREELANCE CLIENT,9482.43,467943.17,income
2024-12-13,ATM WITHDRAWAL,AMAZON CPT 8893,-778.53,3361683.22,shopping
2024-12-13,DEBIT ORDER,SPOTIFY STORE 57425,-551.9,1309802.38,entertainment
2024-12-13,EFT,BANK INTEREST,24314.39,1468187.75,income
2024-12-13,POS,BP 06982 ZA,-1297.8,1985270.66,transport
2024-12-13,EFT,BOLT ONLINE 33077240,-160.64,3460575.68,transport
2024-12-13,DEBIT ORDER,GAME CPT 672763,-1097.38,3069826.63,shopping
2024-12-14,ATM WITHDRAWAL,NETFLIX ONLINE 8563212,-943.84,562053.6,entertainment
2024-12-14,EFT,TELKOM 6874130 ZA,-1116.15,512716.21,utilities
2024-12-14,EFT,MCDONALDS *84190221,-1901.22,1752601.05,restaurants
2024-12-14,CARD PURCHASE,BP ONLINE 14153622,-377.21,1526834.8,transport
2024-12-14,EFT,SALARY ACME LTD,6579.29,606703.99,income
2024-12-14,EFT,STEERS 9028 ZA,-108.55,799150.72,restaurants
2024-12-14,POS,TELKOM CPT 01358,-101.7,2972228.9,utilities
2024-12-15,ONLINE PAYMENT,MAKRO STORE 3173289,-1551.41,2005218.72,shopping
2024-12-15,EFT,BP STORE 30004,-792.34,432940.0,transport
2024-12-15,DEBIT ORDER,SALARY ACME LTD,12876.53,1752604.91,income
2024-12-16,POS,FREELANCE CLIENT,25881.49,2471546.9,income
2024-12-16,ONLINE PAYMENT,NANDOS *6503,-1264.12,1445521.56,restaurants
2024-12-16,DEBIT ORDER,MTN STORE 2585721,-1989.38,837596.12,utilities
2024-12-16,DEBIT ORDER,MAKRO STORE 02806,-1153.68,3435095.87,shopping
2024-12-16,POS,PICK N PAY *3288398,-1188.87,1547316.87,groceries
2024-12-16,DEBIT ORDER,NANDOS 15576 ZA,-1824.96,1691990.46,restaurants
2024-12-16,DEBIT ORDER,KFC *21128,-234.88,935119.62,restaurants
2024-12-16,CARD PURCHASE,AMAZON *709681,-1248.5,448377.03,shopping
2024-12-16,EFT,DSTV STORE 3847944,-1325.71,1740361.05,entertainment
2024-12-17,POS,NANDOS 38345 ZA,-77.35,754110.1,restaurants
2024-12-17,POS,STEAM ONLINE 4263718,-1291.81,3422125.62,entertainment
2024-12-17,POS,BANK INTEREST,15433.33,423023.2,income
2024-12-17,CARD PURCHASE,FREELANCE CLIENT,26188.66,2796539.63,income
2024-12-17,ATM WITHDRAWAL,BANK INTEREST,15948.28,987270.11,income
2024-12-17,DEBIT ORDER,MAKRO CPT 5575799,-1153.16,3369325.24,shopping
2024-12-18,DEBIT ORDER,SPOTIFY *1184143,-1403.1,1554698.13,entertainment
2024-12-18,EFT,SPOTIFY CPT 69618,-785.71,1821703.18,entertainment
2024-12-18,EFT,TAKEALOT CPT 1338063,-1524.35,3587130.72,shopping
2024-12-18,POS,MTN *1349,-357.06,706175.11,utilities
2024-12-18,CARD PURCHASE,BP STORE 99663,-1987.77,2837738.96,transport
2024-12-18,ONLINE PAYMENT,FREELANCE CLIENT,19481.76,894106.63,income
2024-12-18,EFT,SALARY ACME LTD,16910.48,2175540.33,income
2024-12-18,ONLINE PAYMENT,STEERS 45109273 ZA,-1195.3,3433038.49,restaurants
2024-12-18,POS,GAME ONLINE 5364895,-1404.74,2961062.9,shopping
2024-12-19,CARD PURCHASE,SPOTIFY CPT 36495276,-1310.23,1819431.95,entertainment
2024-12-19,DEBIT ORDER,AMAZON *77487858,-304.29,2349673.43,shopping
2024-12-19,ONLINE PAYMENT,UBER *2450,-229.54,2799856.21,transport
2024-12-19,POS,CITY OF CAPE TOWN ONLINE 7450176,-1238.91,2823206.21,utilities
2024-12-19,DEBIT ORDER,KFC 7720 ZA,-1042.67,3123412.93,restaurants
2024-12-19,CARD PURCHASE,BANK INTEREST,26572.14,960890.44,income
2024-12-19,ONLINE PAYMENT,NANDOS ONLINE 1642,-1164.14,3023650.5,restaurants
2024-12-19,ONLINE PAYMENT,DSTV *071863,-992.97,2809604.39,entertainment
2024-12-20,ATM WITHDRAWAL,SALARY ACME LTD,7040.35,2323597.73,income
2024-12-20,POS,BP STORE 80040511,-731.27,1719249.5,transport
2024-12-20,DEBIT ORDER,AMAZON STORE 26321,-862.08,3434233.79,shopping
2024-12-20,DEBIT ORDER,TAKEALOT 0730 ZA,-1174.39,2811401.95,shopping
2024-12-20,POS,AMAZON ONLINE 22182,-943.74,606968.6,shopping
2024-12-20,ATM WITHDRAWAL,SHELL STORE 7575494,-252.65,2959156.9,transport
2024-12-20,CARD PURCHASE,BANK INTEREST,27427.98,2892819.16,income
2024-12-20,DEBIT ORDER,SALARY ACME LTD,7043.58,840308.28,income
2024-12-21,POS,BP ONLINE 84243677,-1418.71,41574.16,transport
2024-12-21,ONLINE PAYMENT,TELKOM STORE 4014,-949.16,1756201.48,utilities
2024-12-21,CARD PURCHASE,MCDONALDS 34164 ZA,-497.82,1822488.89,restaurants
2024-12-21,EFT,MTN 326802 ZA,-268.11,1120237.12,utilities
2024-12-21,CARD PURCHASE,KFC ONLINE 18409701,-1574.2,3122453.0,restaurants
2024-12-21,ATM WITHDRAWAL,KFC CPT 18258846,-630.34,2680497.4,restaurants
2024-12-21,DEBIT ORDER,STEAM CPT 069623,-1932.79,294650.42,entertainment
2024-12-21,DEBIT ORDER,VODACOM ONLINE 809286,-98.72,1330739.54,utilities
2024-12-21,ONLINE PAYMENT,NANDOS STORE 26266756,-1054.88,662730.55,restaurants
2024-12-22,POS,BANK INTEREST,10367.18,3161845.31,income
2024-12-22,DEBIT ORDER,MCDONALDS 91016090 ZA,-904.74,1556402.86,restaurants
2024-12-22,POS,MCDONALDS *6897625,-772.91,1717874.64,restaurants
2024-12-22,CARD PURCHASE,MAKRO CPT 46909,-1997.82,2324504.01,shopping
2024-12-22,ONLINE PAYMENT,AMAZON *28993,-1635.07,913647.23,shopping
2024-12-22,DEBIT ORDER,CITY OF CAPE TOWN STORE 75086858,-755.93,692671.5,utilities
2024-12-22,CARD PURCHASE,FREELANCE CLIENT,6371.09,3139210.81,income
2024-12-23,POS,TELKOM 6908123 ZA,-1827.41,760869.21,utilities
2024-12-23,ATM WITHDRAWAL,CHECKERS CPT 39907603,-1782.26,3337013.18,groceries
2024-12-23,POS,TELKOM *5461672,-1528.83,382631.2,utilities
2024-12-23,CARD PURCHASE,BOLT STORE 26819,-1767.29,1955188.65,transport
2024-12-24,DEBIT ORDER,BANK INTEREST,29767.11,3150953.89,income
2024-12-24,CARD PURCHASE,SPAR CPT 0418,-763.86,749166.96,groceries
2024-12-24,ONLINE PAYMENT,STEERS 69634 ZA,-63.44,50122.54,restaurants
2024-12-24,ONLINE PAYMENT,SALARY ACME LTD,10540.16,3130041.4,income
2024-12-24,ATM WITHDRAWAL,SALARY ACME LTD,18679.47,2840652.17,income
2024-12-24,ATM WITHDRAWAL,WOOLWORTHS STORE 696133,-756.45,1797235.22,groceries
2024-12-24,POS,UBER *8421055,-1335.8,3137277.39,transport
2024-12-25,CARD PURCHASE,STEERS CPT 19347,-110.64,278127.66,restaurants
2024-12-25,ONLINE PAYMENT,BP 66907939 ZA,-1932.24,1394781.45,transport
2024-12-25,CARD PURCHASE,NETFLIX ONLINE 6154,-106.84,1536507.73,entertainment
2024-12-26,POS,FREELANCE CLIENT,22256.0,106422.59,income
2024-12-26,POS,MTN CPT 9506877,-729.05,1816877.01,utilities
2024-12-26,DEBIT ORDER,STEAM 5221 ZA,-444.85,47952.51,entertainment
2024-12-26,ATM WITHDRAWAL,STEAM *4415,-1196.81,1659973.73,entertainment
2024-12-26,DEBIT ORDER,SPAR *49526741,-380.2,3577890.09,groceries
2024-12-27,EFT,UBER *69849,-152.88,3595207.9,transport
2024-12-27,ONLINE PAYMENT,CHECKERS *90591,-1848.63,2824445.12,groceries
2024-12-27,DEBIT ORDER,STEERS ONLINE 94416257,-1350.0,1283288.85,restaurants
2024-12-27,EFT,PICK N PAY 22853 ZA,-1591.43,1607743.98,groceries
2024-12-27,ATM WITHDRAWAL,NETFLIX *47839192,-952.36,1744919.12,entertainment
2024-12-27,POS,PICK N PAY ONLINE 8892980,-1274.05,1547184.69,groceries
2024-12-28,EFT,WOOLWORTHS 11235424 ZA,-519.43,3410683.32,groceries
2024-12-28,ONLINE PAYMENT,NETFLIX 927066 ZA,-878.26,3457123.46,entertainment
2024-12-28,ONLINE PAYMENT,SALARY ACME LTD,9813.07,3378164.35,income
2024-12-29,POS,STEERS *20397,-858.87,691812.63,restaurants
2024-12-29,ONLINE PAYMENT,CHECKERS 7787215 ZA,-725.96,2087017.1,groceries
2024-12-29,CARD PURCHASE,SPAR 80524809 ZA,-564.01,2731617.65,groceries
2024-12-30,EFT,FREELANCE CLIENT,26921.42,2327523.43,income
2024-12-30,CARD PURCHASE,KFC 2459 ZA,-1919.67,1684165.35,restaurants
2024-12-30,EFT,WOOLWORTHS 9697 ZA,-1394.22,2955227.24,groceries
2024-12-31,ONLINE PAYMENT,BANK INTEREST,11125.63,2848864.59,income
2024-12-31,EFT,NANDOS STORE 7554,-1532.15,1818696.05,restaurants
2024-12-31,POS,TAKEALOT STORE 2774,-340.93,829518.54,shopping
2024-12-31,EFT,SPAR *9605336,-1606.34,3309523.76,groceries
